scenario_id,flags,instruction,constraints_present,fixture_entities,claude_verdict,claude_note,author_verdict(COVERED/CONFIRMED_GAP/AMBIGUOUS),author_note,split,cell,yaml_path,final
NLEB-DI-AT-035,duration_mention_without_duration_constraint,The first clip is running too fast — get it back to normal speed. / Now kill that slide transition between the last two clips.,"[required] attribute_equals({""entity"": ""video_clip_1"", ""field"": ""speed"", ""value"": 1.0}) 
[required] entity_not_exists({""entity"": ""transition_1""}) 
[required] unchanged_except({""changed"": [""video_clip_1"", ""transition_1""]})","V1: video_clip_1(0-5s), video_clip_2(5-15s), video_clip_3(15-20s), caption_1(2-5s) | A1: audio_clip_1(0-5s), audio_clip_2(5-15s), audio_clip_3(15-20s) | A2 (BGM): audio_clip_4(0-20s)",COVERED,"No duration demand in prose (heuristic false alarm on transition wording); 'back to normal speed' = attribute_equals(vc1, speed, 1.0); removal = entity_not_exists(transition_1). Covered.",COVERED,"I did not initially know video_clip_1 was at 2.5x speed, but confirmed it is correct. I wondered whether deleting transition_1 amounts to modifying video_clip_2 and video_clip_3; accepted the explanation that it does not. The phrase ""slide transition"" seems to require inferring that video clips are meant. I thought ""the last two clips"" was ambiguous; here it was decidable because there is only one video track, but I am unsure what to do when clips at the same time sit on several tracks.",test,diagnosis/atomic,feasible/diagnosis/atomic/test/NLEB-DI-AT-035.yaml,
NLEB-DI-AT-038,duration_mention_without_duration_constraint,"On timeline 1, the first clip has gone invisible — restore its opacity first. / Now the last clip on timeline 1 looks blurry — clean that up.","[required] attribute_equals({""entity"": ""vc_1"", ""field"": ""transform.opacity"", ""value"": 1.0}) 
[required] entity_not_exists({""type"": ""effect"", ""parent"": ""vc_3"", ""effect_type"": ""blur""}) 
[required] unchanged_except({""changed"": [""vc_1"", ""vc_3""]})","V1: vc_1(0-10s), vc_2(10-25s), vc_3(25-40s) | A1: ac_1(0-10s), ac_2(10-25s), ac_3(25-40s) | Caption Track 1: cc_1(1-4s), cc_2(5-9s), cc_3(12-18s), cc_4(30-35s) | V1: vc_4(0-25s), vc_5(25-40s) | A1: ac_4(0-25s), ac_5(25-40s) | V1: vc_6(0-15s), vc_7(15-25s) | A1: ac_6(0-15s), ac_7(15-25s)",COVERED,"No duration mention exists (false alarm); 'restore its opacity' = attribute_equals(vc_1, opacity, 1.0); 'blurry — clean up' = entity_not_exists(blur effect on vc_3). Covered.",COVERED,"I do not know what the two clips' prior attribute values were, but I think this is right as to intent.",test,diagnosis/atomic,feasible/diagnosis/atomic/test/NLEB-DI-AT-038.yaml,
NLEB-DI-CU-002,duration_mention_without_duration_constraint,The third clip is completely invisible — can you bring it back? / Now scale the last video clip up to 1.1. / And rotate the shortest video clip by 5 degrees — keep the opacity fix from the first turn.,"[required] attribute_equals({""entity"": ""video_clip_3"", ""field"": ""transform.opacity"", ""value"": 1.0}) 
[required] attribute_equals({""entity"": ""video_clip_3"", ""field"": ""transform.scale_x"", ""value"": 1.1}) 
[required] attribute_equals({""entity"": ""video_clip_1"", ""field"": ""transform.rotation"", ""value"": 5.0}) 
[required] unchanged_except({""changed"": [""video_clip_3"", ""video_clip_1""]})","V1: video_clip_1(0-5s), video_clip_2(5-15s), video_clip_3(15-20s), caption_1(2-5s) | A1: audio_clip_1(0-5s), audio_clip_2(5-15s), audio_clip_3(15-20s) | A2 (BGM): audio_clip_4(0-20s)",COVERED,"shortest video clip' is target selection (vc1 per fixture), enforced by attribute_equals(video_clip_1, rotation, 5.0); no separate duration demand. Covered.",CONFIRMED_GAP,"The condition scaling scale_y by 1.1 seems to be missing, since one normally expects scaling to preserve the aspect ratio. That said, ""scale up to"" means fixing to 1.1x of the original rather than 1.1x of the current value, so it is correct here; but a prompt asking for 1.1x of the current value when the original scale is not 1 would need a matching condition.",dev,diagnosis/cumulative,feasible/diagnosis/cumulative/dev/NLEB-DI-CU-002.yaml,
NLEB-DI-CU-030,duration_mention_without_duration_constraint,A V2 clip is upside down — can you flip it back? / Now lower the BGM by 3 dB. / And add a blur effect to the last V1 clip — keep everything from before.,"[required] attribute_equals({""entity"": ""video_clip_4"", ""field"": ""transform.rotation"", ""value"": 0.0}) 
[required] attribute_changed({""entity"": ""audio_clip_4"", ""field"": ""audio.volume"", ""direction"": ""decrease""}) 
[required] has_effect({""entity"": ""video_clip_3"", ""effect_type"": ""blur""}) 
[required] unchanged_except({""changed"": [""video_clip_4"", ""audio_clip_4"", ""video_clip_3""]})","V1: video_clip_1(0-8s), caption_1(0.5-3s), video_clip_2(8-18s), caption_2(9-12s), video_clip_3(18-30s) | V2 (B-Roll): video_clip_4(4-10s), video_clip_5(20-25s) | A1: audio_clip_1(0-8s), audio_clip_2(8-18s), audio_clip_3(18-30s) | A2 (Music): audio_clip_4(0-30s)",CONFIRMED_GAP,"No duration in prose (flag misfired on '3 dB'), but 'lower the BGM by 3 dB' magnitude is normative and unchecked: attribute_changed is direction-only; fixture-derivable target value.",CONFIRMED_GAP,"The 3 dB condition seems to be missing. If the source footage really is inverted, the request could mean rotating 180 degrees or flipping vertically. ""Upside down"" could be either a vertical flip or a 180-degree rotation, which is ambiguous, but the editors' view is that the word ""flip"" makes a vertical flip the right reading. However, the editors also note there are too many ways to implement a flip (rotation about an axis in 3D, a flip function, scale_x=1 & scale_y=-1) to be sure which condition should check it. Photoshop offers flip horizontal, flip vertical, and rotate all three.",test,diagnosis/cumulative,feasible/diagnosis/cumulative/test/NLEB-DI-CU-030.yaml,
NLEB-DI-DE-039,duration_mention_without_duration_constraint,"The last V1 clip is upside down and squeezed narrow — flip it back and restore its width, then add a saturation effect, and finally boost its matching audio clip by 3 dB.","[required] attribute_equals({""entity"": ""video_clip_3"", ""field"": ""transform.rotation"", ""value"": 0.0}) 
[required] attribute_equals({""entity"": ""video_clip_3"", ""field"": ""transform.scale_x"", ""value"": 1.0}) 
[required] has_effect({""entity"": ""video_clip_3"", ""effect_type"": ""saturation""}) 
[required] attribute_changed({""entity"": ""audio_clip_3"", ""field"": ""audio.volume"", ""direction"": ""increase""})","V1: video_clip_1(0-8s), caption_1(0.5-3s), video_clip_2(8-18s), caption_2(9-12s), video_clip_3(18-30s) | V2 (B-Roll): video_clip_4(4-10s), video_clip_5(20-25s) | A1: audio_clip_1(0-8s), audio_clip_2(8-18s), audio_clip_3(18-30s) | A2 (Music): audio_clip_4(0-30s)",CONFIRMED_GAP,No duration in prose (flag misfired on '3 dB'); 'boost its matching audio clip by 3 dB' magnitude unchecked — attribute_changed(audio_clip_3) is direction-only. Width restore IS covered (scale_x=1.0).,CONFIRMED_GAP,Same view as the previous scenario regarding 3 dB and flip.,test,diagnosis/dependent,feasible/diagnosis/dependent/test/NLEB-DI-DE-039.yaml,
NLEB-EX-AT-009,duration_mention_without_duration_constraint,Add a cross-dissolve transition between video_clip_1 and video_clip_2 with duration 1.0s. / Set video_clip_3 opacity to 0.7.,"[required] has_transition({""between"": [""video_clip_1"", ""video_clip_2""], ""type"": ""cross_dissolve""}) 
[required] attribute_equals({""entity"": ""video_clip_3"", ""field"": ""transform.opacity"", ""value"": 0.7}) 
[required] unchanged_except({""changed"": [""video_clip_1"", ""video_clip_2"", ""video_clip_3"", ""$new_transition_1""]})","V1: video_clip_1(0-5s), video_clip_2(5-15s), video_clip_3(15-20s), caption_1(2-5s) | A1: audio_clip_1(0-5s), audio_clip_2(5-15s), audio_clip_3(15-20s) | A2 (BGM): audio_clip_4(0-20s)",CONFIRMED_GAP,"with duration 1.0s' normative; has_transition checks type+between only, no duration check on $new_transition_1. duration_equals available.",CONFIRMED_GAP,Missing a condition on the transition's duration (1 second).,dev,explicit/atomic,feasible/explicit/atomic/dev/NLEB-EX-AT-009.yaml,
NLEB-EX-CO-010,duration_mention_without_duration_constraint,"Add a cross-dissolve transition between vc_1 and vc_2 with duration 1.0s, and set vc_2 opacity to 0.95.","[required] has_transition({""between"": [""vc_1"", ""vc_2""], ""type"": ""cross_dissolve""}) 
[required] attribute_equals({""entity"": ""vc_2"", ""field"": ""transform.opacity"", ""value"": 0.95}) 
[required] unchanged_except({""changed"": [""vc_1"", ""vc_2""]})","V1: vc_1(0-5s), vc_2(5-10s) | A1: ac_1(0-5s), ac_2(5-10s)",CONFIRMED_GAP,with duration 1.0s' normative; has_transition checks type+between only — transition duration unchecked. duration_equals available.,CONFIRMED_GAP,Missing a condition on the transition's duration (1 second).,dev,explicit/compound,feasible/explicit/compound/dev/NLEB-EX-CO-010.yaml,
NLEB-EX-CO-032,duration_mention_without_duration_constraint,"Add a cross-dissolve transition between vc_1 and vc_2 lasting 1.2s, add a saturation effect to vc_2, and set vc_2 scale to 0.95.","[required] has_transition({""between"": [""vc_1"", ""vc_2""], ""type"": ""cross_dissolve""}) 
[required] has_effect({""entity"": ""vc_2"", ""effect_type"": ""saturation""}) 
[required] attribute_equals({""entity"": ""vc_2"", ""field"": ""transform.scale_x"", ""value"": 0.95}) 
[required] unchanged_except({""changed"": [""vc_1"", ""vc_2""]})","V1: vc_1(0-5s), vc_2(5-10s) | A1: ac_1(0-5s), ac_2(5-10s)",CONFIRMED_GAP,"lasting 1.2s' transition duration normative; has_transition checks type only, no duration_equals/attribute_equals on transition duration. Checkable, unchecked.",CONFIRMED_GAP,Missing conditions on the transition's duration (1.2 seconds) and on scale_y.,test,explicit/compound,feasible/explicit/compound/test/NLEB-EX-CO-032.yaml,
NLEB-ST-AT-013,duration_mention_without_duration_constraint,Add a blur effect to the last video clip on the main video track.,"[required] has_effect({""entity"": ""video_clip_3"", ""effect_type"": ""blur""}) 
[required] unchanged_except({""changed"": [""video_clip_3""]})","V1: video_clip_1(0-5s), video_clip_2(5-15s), video_clip_3(15-20s), caption_1(2-5s) | A1: audio_clip_1(0-5s), audio_clip_2(5-15s), audio_clip_3(15-20s) | A2 (BGM): audio_clip_4(0-20s)",COVERED,"No duration demand in prose; 'last video clip' is a selector resolved to video_clip_3, enforced by has_effect(video_clip_3,blur)+unchanged_except. Heuristic false alarm.",COVERED,,test,state/atomic,feasible/state/atomic/test/NLEB-ST-AT-013.yaml,
NLEB-ST-AT-015,duration_mention_without_duration_constraint,Remove the video clip that starts last on the timeline.,"[required] entity_not_exists({""entity"": ""video_clip_3""}) 
[required] entity_count_changed({""type"": ""video_clip"", ""direction"": ""decrease""})","V1: video_clip_1(0-5s), video_clip_2(5-15s), video_clip_3(15-20s), caption_1(2-5s) | A1: audio_clip_1(0-5s), audio_clip_2(5-15s), audio_clip_3(15-20s) | A2 (BGM): audio_clip_4(0-20s)",COVERED,"starts last' is a selector, not a duration demand; resolved to video_clip_3 and enforced by entity_not_exists(video_clip_3)+entity_count_changed(decrease). False alarm.",CONFIRMED_GAP,"I take a request to delete a video clip to normally include deleting the audio clip linked to it. So if it is linked to audio_clip_3, that should be deleted too. Also, checking via unchanged_except would be a stronger necessary-and-sufficient condition than checking that the clip count on the video track decreased.",test,state/atomic,feasible/state/atomic/test/NLEB-ST-AT-015.yaml,
NLEB-ST-CO-010,duration_mention_without_duration_constraint,"On the last clip on the timeline, remove any existing blur effect and add a brightness effect instead.","[required] entity_not_exists({""type"": ""effect"", ""parent"": ""video_clip_3"", ""effect_type"": ""blur""}) 
[required] has_effect({""entity"": ""video_clip_3"", ""effect_type"": ""brightness""}) 
[required] unchanged_except({""changed"": [""video_clip_3""]})","V1: video_clip_1(0-5s), video_clip_2(5-15s), video_clip_3(15-20s), caption_1(2-5s) | A1: audio_clip_1(0-5s), audio_clip_2(5-15s), audio_clip_3(15-20s) | A2 (BGM): audio_clip_4(0-20s)",COVERED,"No duration demand in prose; 'last clip on the timeline' is a selector resolved to video_clip_3, enforced by entity_not_exists(blur)+has_effect(brightness)+unchanged_except.",COVERED,"Here ""the last clip"" is unambiguous so I will let it pass, but this needs thought when clips at the same time exist on several tracks. (I omit this point from here on.) Also, entity_not_exists and has_effect feel asymmetric as names, which is slightly jarring, but not wrong, so I will let it go.",dev,state/compound,feasible/state/compound/dev/NLEB-ST-CO-010.yaml,
NLEB-ST-CO-025,duration_mention_without_duration_constraint,"On the first video on the timeline, set x to 20 and add a contrast effect. / On the last video, set y to -10 and add a brightness effect.","[required] attribute_equals({""entity"": ""video_clip_1"", ""field"": ""transform.position_x"", ""value"": 20}) 
[required] has_effect({""entity"": ""video_clip_1"", ""effect_type"": ""contrast""}) 
[required] attribute_equals({""entity"": ""video_clip_3"", ""field"": ""transform.position_y"", ""value"": -10}) 
[required] has_effect({""entity"": ""video_clip_3"", ""effect_type"": ""brightness""}) 
[required] unchanged_except({""changed"": [""video_clip_1"", ""video_clip_3""]})","V1: video_clip_1(0-5s), video_clip_2(5-15s), video_clip_3(15-20s), caption_1(2-5s) | A1: audio_clip_1(0-5s), audio_clip_2(5-15s), audio_clip_3(15-20s) | A2 (BGM): audio_clip_4(0-20s)",COVERED,Heuristic false alarm: no duration prose. 'set x to 20'/'set y to -10' covered by attribute_equals transform.position_x=20 (vc1) and position_y=-10 (vc3); effects via has_effect.,COVERED,,test,state/compound,feasible/state/compound/test/NLEB-ST-CO-025.yaml,
NLEB-ST-CO-037,duration_mention_without_duration_constraint,"On the first V1 clip, add a fade-in and set opacity 0.95. / On the last V1 clip, add a fade-out and set opacity 0.95. / Remove the longer V2 clip and update the remaining V2 clip's scale to 1.3.","[required] has_effect({""entity"": ""video_clip_1"", ""effect_type"": ""fade_in""}) 
[required] attribute_equals({""entity"": ""video_clip_1"", ""field"": ""transform.opacity"", ""value"": 0.95}) 
[required] has_effect({""entity"": ""video_clip_3"", ""effect_type"": ""fade_out""}) 
[required] attribute_equals({""entity"": ""video_clip_3"", ""field"": ""transform.opacity"", ""value"": 0.95}) 
[required] entity_not_exists({""entity"": ""video_clip_4""}) 
[required] attribute_equals({""entity"": ""video_clip_5"", ""field"": ""transform.scale_x"", ""value"": 1.3})","V1: video_clip_1(0-8s), caption_1(0.5-3s), video_clip_2(8-18s), caption_2(9-12s), video_clip_3(18-30s) | V2 (B-Roll): video_clip_4(4-10s), video_clip_5(20-25s) | A1: audio_clip_1(0-8s), audio_clip_2(8-18s), audio_clip_3(18-30s) | A2 (Music): audio_clip_4(0-30s)",COVERED,"the longer V2 clip' is a duration-based selector, not a duration demand; resolved to video_clip_4 and enforced by entity_not_exists(video_clip_4); remaining V2 scale via attribute_equals(vc5).",CONFIRMED_GAP,"V2 has only two clips, so does ""the longer V2 clip"" pick one out? The scale_y condition is missing.",test,state/compound,feasible/state/compound/test/NLEB-ST-CO-037.yaml,
NLEB-ST-CU-006,duration_mention_without_duration_constraint,Link the first video clip with the audio clip that plays at the same time. / Then add a blur effect to the last video clip on V1. / Also mute the audio clip that starts at the same time as the first video clip.,"[required] has_link({""clip_ids"": [""video_clip_1"", ""audio_clip_1""]}) 
[required] has_effect({""entity"": ""video_clip_3"", ""effect_type"": ""blur""}) 
[required] attribute_equals({""entity"": ""audio_clip_1"", ""field"": ""audio.muted"", ""value"": true})","V1: video_clip_1(0-5s), video_clip_2(5-15s), video_clip_3(15-20s), caption_1(2-5s) | A1: audio_clip_1(0-5s), audio_clip_2(5-15s), audio_clip_3(15-20s) | A2 (BGM): audio_clip_4(0-20s)",COVERED,"plays/starts at the same time' are temporal selectors, not duration demands; resolved to audio_clip_1 and enforced by has_link(vc1,ac1) and attribute_equals(ac1 muted=true).",COVERED,I think the condition is well made: it accepts a link existing after the operation even if none existed before. I would have objected had it required creating a new link.,dev,state/cumulative,feasible/state/cumulative/dev/NLEB-ST-CU-006.yaml,
NLEB-ST-CU-011,duration_mention_without_duration_constraint,Add a contrast effect to the last video clip on V1. / Boost the volume of the audio that plays at the same time by 3 dB.,"[required] has_effect({""entity"": ""video_clip_3"", ""effect_type"": ""contrast""}) 
[required] attribute_changed({""entity"": ""audio_clip_3"", ""field"": ""audio.volume"", ""direction"": ""increase""}) 
[required] unchanged_except({""changed"": [""video_clip_3"", ""audio_clip_3""]})","V1: video_clip_1(0-5s), video_clip_2(5-15s), video_clip_3(15-20s), caption_1(2-5s) | A1: audio_clip_1(0-5s), audio_clip_2(5-15s), audio_clip_3(15-20s) | A2 (BGM): audio_clip_4(0-20s)",COVERED,"the audio that plays at the same time' is a selector resolved to audio_clip_3, enforced by attribute_changed(ac3 volume increase); no normative duration demand in prose.",CONFIRMED_GAP,"There is no condition that audio_clip_3 increases by exactly 3 dB. It is somewhat ambiguous because two audio clips are playing at the same time on tracks A1/A2, but in context I agree with the reading.",test,state/cumulative,feasible/state/cumulative/test/NLEB-ST-CU-011.yaml,
NLEB-ST-CU-015,duration_mention_without_duration_constraint,Find the video clip with the longest duration and add a fade-out effect. / Also set its opacity to 0.85.,"[required] has_effect({""entity"": ""video_clip_3"", ""effect_type"": ""fade_out""}) 
[required] attribute_equals({""entity"": ""video_clip_3"", ""field"": ""transform.opacity"", ""value"": 0.85}) 
[required] unchanged_except({""changed"": [""video_clip_3""]})","V1: video_clip_1(0-8s), caption_1(0.5-3s), video_clip_2(8-18s), caption_2(9-12s), video_clip_3(18-30s) | V2 (B-Roll): video_clip_4(4-10s), video_clip_5(20-25s) | A1: audio_clip_1(0-8s), audio_clip_2(8-18s), audio_clip_3(18-30s) | A2 (Music): audio_clip_4(0-30s)",COVERED,"clip with the longest duration' is a selector, resolved to video_clip_3 and enforced by has_effect(fade_out)+attribute_equals(opacity 0.85)+unchanged_except; no duration requirement in prose.",COVERED,"The conditions are fine, but in this fixture video_clip_1 and caption_1 overlap on track V1. Such a fixture cannot exist. Please check whether the same fixture is used elsewhere.",test,state/cumulative,feasible/state/cumulative/test/NLEB-ST-CU-015.yaml,
NLEB-ST-CU-017,duration_mention_without_duration_constraint,Remove the last video clip on the timeline. / Also unlink the first video and audio pair. Keep the removal.,"[required] entity_not_exists({""entity"": ""video_clip_3""}) 
[required] not_linked({""entity"": ""video_clip_1""}) 
[required] unchanged_except({""changed"": [""video_clip_3"", ""video_clip_1"", ""audio_clip_1""]})","V1: video_clip_1(0-5s), video_clip_2(5-15s), video_clip_3(15-20s), caption_1(2-5s) | A1: audio_clip_1(0-5s), audio_clip_2(5-15s), audio_clip_3(15-20s) | A2 (BGM): audio_clip_4(0-20s)",COVERED,"Heuristic false alarm: no duration prose. 'last video clip' / 'first pair' selectors enforced by entity_not_exists(vc3), not_linked(vc1), unchanged_except.",CONFIRMED_GAP,"not_linked must check audio_clip_1 as well, not only video_clip_1.",test,state/cumulative,feasible/state/cumulative/test/NLEB-ST-CU-017.yaml,
NLEB-ST-CU-018,duration_mention_without_duration_constraint,Set the opacity of the video clip that starts last on V1 to 0.6. / Also mute the audio clip that overlaps with it.,"[required] attribute_equals({""entity"": ""video_clip_3"", ""field"": ""transform.opacity"", ""value"": 0.6}) 
[required] attribute_equals({""entity"": ""audio_clip_3"", ""field"": ""audio.muted"", ""value"": true}) 
[required] unchanged_except({""changed"": [""video_clip_3"", ""audio_clip_3""]})","V1: video_clip_1(0-5s), video_clip_2(5-15s), video_clip_3(15-20s), caption_1(2-5s) | A1: audio_clip_1(0-5s), audio_clip_2(5-15s), audio_clip_3(15-20s) | A2 (BGM): audio_clip_4(0-20s)",COVERED,"starts last on V1' and 'overlaps with it' are selectors resolved to vc3/ac3, enforced by attribute_equals(opacity 0.6, muted true)+unchanged_except; no duration demand.",CONFIRMED_GAP,"""Plays at the same time"" and ""overlaps"" are somewhat different; I think audio_clip_4 should be muted too.",test,state/cumulative,feasible/state/cumulative/test/NLEB-ST-CU-018.yaml,
NLEB-ST-CU-023,duration_mention_without_duration_constraint,Mute the audio clip with the longest duration. / Then reduce the volume of the second-longest audio clip to -10 dB.,"[required] attribute_equals({""entity"": ""audio_clip_4"", ""field"": ""audio.muted"", ""value"": true}) 
[required] attribute_equals({""entity"": ""audio_clip_2"", ""field"": ""audio.volume"", ""value"": -10.0}) 
[required] unchanged_except({""changed"": [""audio_clip_4"", ""audio_clip_2""]})","V1: video_clip_1(0-5s), video_clip_2(5-15s), video_clip_3(15-20s), caption_1(2-5s) | A1: audio_clip_1(0-5s), audio_clip_2(5-15s), audio_clip_3(15-20s) | A2 (BGM): audio_clip_4(0-20s)",COVERED,longest'/'second-longest' are duration selectors resolved to ac4/ac2 and enforced by attribute_equals(muted true; volume -10)+unchanged_except; no duration requirement in prose.,COVERED,,test,state/cumulative,feasible/state/cumulative/test/NLEB-ST-CU-023.yaml,
NLEB-ST-CU-026,duration_mention_without_duration_constraint,Longest audio: -3 dB. / First audio on track 1: add a fade-in effect. / Last video on V1: rotate 5 degrees. Keep earlier changes.,"[required] attribute_equals({""entity"": ""audio_clip_4"", ""field"": ""audio.volume"", ""value"": -3.0}) 
[required] has_effect({""entity"": ""audio_clip_1"", ""effect_type"": ""fade_in""}) 
[required] attribute_equals({""entity"": ""video_clip_3"", ""field"": ""transform.rotation"", ""value"": 5.0}) 
[required] unchanged_except({""changed"": [""audio_clip_4"", ""audio_clip_1"", ""video_clip_3""]})","V1: video_clip_1(0-5s), video_clip_2(5-15s), video_clip_3(15-20s), caption_1(2-5s) | A1: audio_clip_1(0-5s), audio_clip_2(5-15s), audio_clip_3(15-20s) | A2 (BGM): audio_clip_4(0-20s)",COVERED,"Longest audio' is a selector resolved to audio_clip_4, enforced by attribute_equals(volume -3); other turns covered by has_effect(fade_in ac1), attribute_equals(rotation 5 vc3), unchanged_except.",COVERED,,test,state/cumulative,feasible/state/cumulative/test/NLEB-ST-CU-026.yaml,
NLEB-ST-CU-031,duration_mention_without_duration_constraint,Set the first transition's duration to 2 seconds. / Now remove it and add a fade-out effect to the clip before it instead. Keep any prior state.,"[required] entity_count_changed({""type"": ""transition"", ""direction"": ""decrease""}) 
[required] has_effect({""entity"": ""vc_1"", ""effect_type"": ""fade_out""})","V1: vc_1(0-5s), vc_2(5-10s) | A1: ac_1(0-5s), ac_2(5-10s)",AMBIGUOUS,"Turn 1 'set the first transition's duration to 2 seconds' is normative but the transition is removed in turn 2, so no final-state predicate can check it (fixture value already 2s); checkability of transient state unclear.",CONFIRMED_GAP,"It is underspecified exactly what the transition deletes and what must not change. The way vc_1 is referred to is somewhat unrealistic, though not entirely nonsensical.",test,state/cumulative,feasible/state/cumulative/test/NLEB-ST-CU-031.yaml,
NLEB-ST-CU-035,duration_mention_without_duration_constraint,"On timeline 1, find the video clip with the longest duration and scale it to 0.85. / Now set the quietest audio clip's volume to 0 dB. / Rotate the scaled clip by 5 degrees. Preserve everything. / Finally add a saturation effect to the earliest-starting video clip.","[required] attribute_equals({""entity"": ""vc_2"", ""field"": ""transform.scale_x"", ""value"": 0.85}) 
[required] attribute_equals({""entity"": ""ac_1"", ""field"": ""audio.volume"", ""value"": 0.0}) 
[required] attribute_equals({""entity"": ""vc_2"", ""field"": ""transform.rotation"", ""value"": 5.0}) 
[required] has_effect({""entity"": ""vc_1"", ""effect_type"": ""saturation""}) 
[required] unchanged_except({""changed"": [""vc_2"", ""ac_1"", ""vc_1""]})","V1: vc_1(0-10s), vc_2(10-25s), vc_3(25-40s) | A1: ac_1(0-10s), ac_2(10-25s), ac_3(25-40s) | Caption Track 1: cc_1(1-4s), cc_2(5-9s), cc_3(12-18s), cc_4(30-35s) | V1: vc_4(0-25s), vc_5(25-40s) | A1: ac_4(0-25s), ac_5(25-40s) | V1: vc_6(0-15s), vc_7(15-25s) | A1: ac_6(0-15s), ac_7(15-25s)",COVERED,"clip with the longest duration' is a selector resolved to vc_2, enforced by attribute_equals(scale 0.85, rotation 5)+unchanged_except; no duration demand in prose.",AMBIGUOUS,How is one to know whether the longest video is vc_2 or vc_3? Both are 15 seconds. And how is one to identify the quietest video from this information alone?,test,state/cumulative,feasible/state/cumulative/test/NLEB-ST-CU-035.yaml,
NLEB-ST-DE-025,duration_mention_without_duration_constraint,Add a fade-in to the first V1 clip. / And a fade-out to the last V1 clip so the sequence has clean bookends.,"[required] has_effect({""entity"": ""video_clip_1"", ""effect_type"": ""fade_in""}) 
[required] has_effect({""entity"": ""video_clip_3"", ""effect_type"": ""fade_out""}) 
[required] unchanged_except({""changed"": [""video_clip_1"", ""video_clip_3""]})","V1: video_clip_1(0-8s), caption_1(0.5-3s), video_clip_2(8-18s), caption_2(9-12s), video_clip_3(18-30s) | V2 (B-Roll): video_clip_4(4-10s), video_clip_5(20-25s) | A1: audio_clip_1(0-8s), audio_clip_2(8-18s), audio_clip_3(18-30s) | A2 (Music): audio_clip_4(0-30s)",COVERED,"so the sequence has clean bookends' is descriptive rationale, not an added gradeable demand; fade-in/fade-out enforced by has_effect(vc1 fade_in, vc3 fade_out)+unchanged_except. No duration prose.",COVERED,"I do not know what ""bookend"" means, but setting that reading aside, this looks right.",test,state/dependent,feasible/state/dependent/test/NLEB-ST-DE-025.yaml,
NLEB-ST-DE-029,duration_mention_without_duration_constraint,Remove the last video clip on the timeline. / Update the caption 'End' to match the new last clip's end time.,"[required] entity_not_exists({""entity"": ""video_clip_3""}) 
[required] entity_count_changed({""type"": ""video_clip"", ""direction"": ""decrease""})","V1: video_clip_1(0-5s), video_clip_2(5-15s), video_clip_3(15-20s), caption_1(2-5s) | A1: audio_clip_1(0-5s), audio_clip_2(5-15s), audio_clip_3(15-20s) | A2 (BGM): audio_clip_4(0-20s)",CONFIRMED_GAP,"Update the caption End to match the new last clip's end time' normative, fixture-derivable (vc2 end after vc3 removal); no constraint touches the caption at all — turn 2 entirely ungraded.",CONFIRMED_GAP,"Whether an existing caption read ""End"", and if so what it was, cannot be determined from the information given. An entity-count decrease alone is not a sufficient condition.",test,state/dependent,feasible/state/dependent/test/NLEB-ST-DE-029.yaml,
NLEB-ST-DE-030,duration_mention_without_duration_constraint,Remove the transition between the intro and second clip on V1. / Add a 1-second gap between those clips by shifting the later one forward.,"[required] entity_count_changed({""type"": ""transition"", ""direction"": ""decrease""}) 
[required] attribute_changed({""entity"": ""vc_2"", ""field"": ""timeline_start"", ""direction"": ""increase""})","V1: vc_1(0-5s), vc_2(5-10s) | A1: ac_1(0-5s), ac_2(5-10s)",CONFIRMED_GAP,"Add a 1-second gap' is a normative exact amount, fixture-derivable (vc_2 timeline_start 5->6); only attribute_changed(timeline_start, increase) — any positive shift passes; attribute_equals missing.",CONFIRMED_GAP,"Since no transition is visible in column E, there may have been none to begin with, so checking for a decrease is not appropriate. Even if one existed, a condition naming exactly which entity is deleted would be more rigorous. The 1-second gap also lacks a condition checking the numeric value.",test,state/dependent,feasible/state/dependent/test/NLEB-ST-DE-030.yaml,
NLEB-ST-DE-031,duration_mention_without_duration_constraint,"On timeline 1, speed up the middle V1 clip to 1.5x. / Then shift the last audio clip on timeline 1 earlier to match the new timing.","[required] attribute_equals({""entity"": ""vc_2"", ""field"": ""speed"", ""value"": 1.5}) 
[required] attribute_changed({""entity"": ""ac_3"", ""field"": ""timeline_start"", ""direction"": ""decrease""})","V1: vc_1(0-10s), vc_2(10-25s), vc_3(25-40s) | A1: ac_1(0-10s), ac_2(10-25s), ac_3(25-40s) | Caption Track 1: cc_1(1-4s), cc_2(5-9s), cc_3(12-18s), cc_4(30-35s) | V1: vc_4(0-25s), vc_5(25-40s) | A1: ac_4(0-25s), ac_5(25-40s) | V1: vc_6(0-15s), vc_7(15-25s) | A1: ac_6(0-15s), ac_7(15-25s)",AMBIGUOUS,"shift the last audio clip earlier to match the new timing' — a precise shift (time saved by 1.5x) is derivable, but 'match the new timing' admits multiple readings; only attribute_changed(ac_3 timeline_start, decrease) present.",CONFIRMED_GAP,"From the prompt, speeding vc_2 to 1.5x takes its duration from 15 to 10 seconds, so the expectation seems to be vc_2 (10-20s) and vc_3 (20-35s), but there is no check on that. Also, if the ac_* clips were linked, a condition checking that they are transformed along with it is needed.",test,state/dependent,feasible/state/dependent/test/NLEB-ST-DE-031.yaml,
NLEB-ST-DE-040,duration_mention_without_duration_constraint,"On timeline 1, speed up the middle V1 clip to 2x. / Shift the clip after it on timeline 1 earlier to close the gap. / Also shift the last audio clip on timeline 1 earlier by the saved time.","[required] attribute_equals({""entity"": ""vc_2"", ""field"": ""speed"", ""value"": 2.0}) 
[required] attribute_changed({""entity"": ""vc_3"", ""field"": ""timeline_start"", ""direction"": ""decrease""}) 
[required] attribute_changed({""entity"": ""ac_3"", ""field"": ""timeline_start"", ""direction"": ""decrease""})","V1: vc_1(0-10s), vc_2(10-25s), vc_3(25-40s) | A1: ac_1(0-10s), ac_2(10-25s), ac_3(25-40s) | Caption Track 1: cc_1(1-4s), cc_2(5-9s), cc_3(12-18s), cc_4(30-35s) | V1: vc_4(0-25s), vc_5(25-40s) | A1: ac_4(0-25s), ac_5(25-40s) | V1: vc_6(0-15s), vc_7(15-25s) | A1: ac_6(0-15s), ac_7(15-25s)",CONFIRMED_GAP,"close the gap' and 'by the saved time' are normative exact shifts, fixture-derivable (2x speedup saves half of vc_2's duration); only attribute_changed direction-decrease on vc_3/ac_3 — magnitudes unchecked.",CONFIRMED_GAP,Same reasoning as above.,test,state/dependent,feasible/state/dependent/test/NLEB-ST-DE-040.yaml,
NLEB-DI-AT-009,spatial_position_without_position_constraint,One of the audio clips is stuck fully on the left — can you center it?,"[required] attribute_equals({""entity"": ""audio_clip_2"", ""field"": ""audio.pan"", ""value"": 0.0}) 
[required] unchanged_except({""changed"": [""audio_clip_2""]})","V1: video_clip_1(0-5s), video_clip_2(5-15s), video_clip_3(15-20s), caption_1(2-5s) | A1: audio_clip_1(0-5s), audio_clip_2(5-15s), audio_clip_3(15-20s) | A2 (BGM): audio_clip_4(0-20s)",COVERED,"stuck fully on the left' describes fixture defect (pan=-1.0); the demand 'center it' is enforced by attribute_equals(audio_clip_2, audio.pan, 0.0). Covered.",COVERED,"I cannot tell whether the clip with the differing pan value is audio_clip_2, but if it is, I think the statement is right.",dev,diagnosis/atomic,feasible/diagnosis/atomic/dev/NLEB-DI-AT-009.yaml,
NLEB-DI-AT-023,spatial_position_without_position_constraint,One of the audio clips is fully panned to the right — can you center it?,"[required] attribute_equals({""entity"": ""audio_clip_2"", ""field"": ""audio.pan"", ""value"": 0.0}) 
[required] unchanged_except({""changed"": [""audio_clip_2""]})","V1: video_clip_1(0-8s), caption_1(0.5-3s), video_clip_2(8-18s), caption_2(9-12s), video_clip_3(18-30s) | V2 (B-Roll): video_clip_4(4-10s), video_clip_5(20-25s) | A1: audio_clip_1(0-8s), audio_clip_2(8-18s), audio_clip_3(18-30s) | A2 (Music): audio_clip_4(0-30s)",COVERED,"fully panned to the right' is diagnostic context (fixture pan=1.0); 'center it' enforced by attribute_equals(audio_clip_2, audio.pan, 0.0). Covered.",COVERED,Same as NLEB-DI-AT-009.,test,diagnosis/atomic,feasible/diagnosis/atomic/test/NLEB-DI-AT-023.yaml,
NLEB-DI-AT-034,spatial_position_without_position_constraint,The first audio clip is stuck fully on the left — can you center it? / Now the BGM is way too quiet — bring it back to normal level.,"[required] attribute_equals({""entity"": ""audio_clip_1"", ""field"": ""audio.pan"", ""value"": 0.0}) 
[required] attribute_equals({""entity"": ""audio_clip_4"", ""field"": ""audio.volume"", ""value"": 0.0}) 
[required] unchanged_except({""changed"": [""audio_clip_1"", ""audio_clip_4""]})","V1: video_clip_1(0-8s), caption_1(0.5-3s), video_clip_2(8-18s), caption_2(9-12s), video_clip_3(18-30s) | V2 (B-Roll): video_clip_4(4-10s), video_clip_5(20-25s) | A1: audio_clip_1(0-8s), audio_clip_2(8-18s), audio_clip_3(18-30s) | A2 (Music): audio_clip_4(0-30s)",COVERED,"stuck fully on the left' descriptive; 'center it' via attribute_equals(ac1, audio.pan, 0.0); 'back to normal level' via attribute_equals(ac4, audio.volume, 0.0). Covered.",COVERED,,test,diagnosis/atomic,feasible/diagnosis/atomic/test/NLEB-DI-AT-034.yaml,
NLEB-DI-CO-032,spatial_position_without_position_constraint,Every audio clip is panned off-center — each pushed to a different side — center all of them.,"[required] attribute_equals({""entity"": ""audio_clip_1"", ""field"": ""audio.pan"", ""value"": 0.0}) 
[required] attribute_equals({""entity"": ""audio_clip_2"", ""field"": ""audio.pan"", ""value"": 0.0}) 
[required] attribute_equals({""entity"": ""audio_clip_3"", ""field"": ""audio.pan"", ""value"": 0.0}) 
[required] unchanged_except({""changed"": [""audio_clip_1"", ""audio_clip_2"", ""audio_clip_3""]})","V1: video_clip_1(0-5s), video_clip_2(5-15s), video_clip_3(15-20s), caption_1(2-5s) | A1: audio_clip_1(0-5s), audio_clip_2(5-15s), audio_clip_3(15-20s) | A2 (BGM): audio_clip_4(0-20s)",COVERED,"panned off-center...center all' — diagnostic description; enforced by attribute_equals(audio.pan, 0.0) on all three audio clips + unchanged_except. Covered.",COVERED,"Should audio_clip_4 be checked too? Still, since it is BGM, the intent may well exclude it, so I will mark this Covered.",test,diagnosis/compound,feasible/diagnosis/compound/test/NLEB-DI-CO-032.yaml,
NLEB-DI-CU-007,spatial_position_without_position_constraint,The first audio clip is stuck fully on the left — can you center it? / Now boost the longest audio clip by 2 dB — don't undo the pan fix.,"[required] attribute_equals({""entity"": ""audio_clip_1"", ""field"": ""audio.pan"", ""value"": 0.0}) 
[required] attribute_changed({""entity"": ""audio_clip_4"", ""field"": ""audio.volume"", ""direction"": ""increase""}) 
[required] unchanged_except({""changed"": [""audio_clip_1"", ""audio_clip_4""]})","V1: video_clip_1(0-5s), video_clip_2(5-15s), video_clip_3(15-20s), caption_1(2-5s) | A1: audio_clip_1(0-5s), audio_clip_2(5-15s), audio_clip_3(15-20s) | A2 (BGM): audio_clip_4(0-20s)",COVERED,"stuck fully on the left' descriptive; 'center it' = attribute_equals(ac1, audio.pan, 0.0); 'longest audio clip' selection resolved to ac4 via attribute_changed(volume, increase). Covered.",CONFIRMED_GAP,No condition checks the 2 dB value exactly.,dev,diagnosis/cumulative,feasible/diagnosis/cumulative/dev/NLEB-DI-CU-007.yaml,
NLEB-DI-CU-025,spatial_position_without_position_constraint,The first audio clip is stuck fully on the left — can you center it? / Now boost the BGM by 2 dB. / And keep the pan fix from earlier intact.,"[required] attribute_equals({""entity"": ""audio_clip_1"", ""field"": ""audio.pan"", ""value"": 0.0}) 
[required] attribute_changed({""entity"": ""audio_clip_4"", ""field"": ""audio.volume"", ""direction"": ""increase""}) 
[required] unchanged_except({""changed"": [""audio_clip_1"", ""audio_clip_4""]})","V1: video_clip_1(0-8s), caption_1(0.5-3s), video_clip_2(8-18s), caption_2(9-12s), video_clip_3(18-30s) | V2 (B-Roll): video_clip_4(4-10s), video_clip_5(20-25s) | A1: audio_clip_1(0-8s), audio_clip_2(8-18s), audio_clip_3(18-30s) | A2 (Music): audio_clip_4(0-30s)",COVERED,"stuck fully on the left — center it': attribute_equals(audio_clip_1, audio.pan, 0.0) enforces centering; 'fully on the left' is diagnostic context matching fixture pan=-1.0.",CONFIRMED_GAP,Same reason as NLEB-DI-CU-007.,test,diagnosis/cumulative,feasible/diagnosis/cumulative/test/NLEB-DI-CU-025.yaml,
NLEB-DI-DE-008,spatial_position_without_position_constraint,"The first audio clip is stuck fully on the left — center it, then boost its volume by 3 dB.","[required] attribute_equals({""entity"": ""audio_clip_1"", ""field"": ""audio.pan"", ""value"": 0.0}) 
[required] attribute_changed({""entity"": ""audio_clip_1"", ""field"": ""audio.volume"", ""direction"": ""increase""}) 
[required] unchanged_except({""changed"": [""audio_clip_1""]})","V1: video_clip_1(0-5s), video_clip_2(5-15s), video_clip_3(15-20s), caption_1(2-5s) | A1: audio_clip_1(0-5s), audio_clip_2(5-15s), audio_clip_3(15-20s) | A2 (BGM): audio_clip_4(0-20s)",COVERED,"stuck fully on the left — center it': attribute_equals(audio_clip_1, audio.pan, 0.0) enforces the fix; left-pan phrase is diagnosis of fixture state (pan=-1.0), not extra demand.",CONFIRMED_GAP,Same reason as NLEB-DI-CU-007.,dev,diagnosis/dependent,feasible/diagnosis/dependent/dev/NLEB-DI-DE-008.yaml,
NLEB-DI-DE-014,spatial_position_without_position_constraint,"The BGM is fully panned to the right — center it, then drop its volume by 3 dB.","[required] attribute_equals({""entity"": ""audio_clip_4"", ""field"": ""audio.pan"", ""value"": 0.0}) 
[required] attribute_changed({""entity"": ""audio_clip_4"", ""field"": ""audio.volume"", ""direction"": ""decrease""}) 
[required] unchanged_except({""changed"": [""audio_clip_4""]})","V1: video_clip_1(0-5s), video_clip_2(5-15s), video_clip_3(15-20s), caption_1(2-5s) | A1: audio_clip_1(0-5s), audio_clip_2(5-15s), audio_clip_3(15-20s) | A2 (BGM): audio_clip_4(0-20s)",COVERED,"fully panned to the right — center it': attribute_equals(audio_clip_4, audio.pan, 0.0) enforces centering; right-pan phrase describes fixture (pan=1.0).",CONFIRMED_GAP,Same reason as NLEB-DI-CU-007.,test,diagnosis/dependent,feasible/diagnosis/dependent/test/NLEB-DI-DE-014.yaml,
NLEB-DI-DE-028,spatial_position_without_position_constraint,"The second audio clip is panned hard left and too loud — center the pan first, then set its volume to -6 dB.","[required] attribute_equals({""entity"": ""audio_clip_2"", ""field"": ""audio.pan"", ""value"": 0.0}) 
[required] attribute_equals({""entity"": ""audio_clip_2"", ""field"": ""audio.volume"", ""value"": -6.0}) 
[required] unchanged_except({""changed"": [""audio_clip_2""]})","V1: video_clip_1(0-5s), video_clip_2(5-15s), video_clip_3(15-20s), caption_1(2-5s) | A1: audio_clip_1(0-5s), audio_clip_2(5-15s), audio_clip_3(15-20s) | A2 (BGM): audio_clip_4(0-20s)",COVERED,"panned hard left — center the pan': attribute_equals(audio_clip_2, audio.pan, 0.0) enforces it; hard-left phrase describes fixture (pan=-0.9). Volume -6 dB also checked exactly.",COVERED,,test,diagnosis/dependent,feasible/diagnosis/dependent/test/NLEB-DI-DE-028.yaml,
NLEB-DI-DE-035,spatial_position_without_position_constraint,"The BGM is blown out loud and hard-panned left — bring the volume back to normal and center the pan, then add a fade-in and fade-out.","[required] attribute_equals({""entity"": ""audio_clip_4"", ""field"": ""audio.volume"", ""value"": 0.0}) 
[required] attribute_equals({""entity"": ""audio_clip_4"", ""field"": ""audio.pan"", ""value"": 0.0}) 
[required] has_effect({""entity"": ""audio_clip_4"", ""effect_type"": ""fade_in""}) 
[required] has_effect({""entity"": ""audio_clip_4"", ""effect_type"": ""fade_out""})","V1: video_clip_1(0-8s), caption_1(0.5-3s), video_clip_2(8-18s), caption_2(9-12s), video_clip_3(18-30s) | V2 (B-Roll): video_clip_4(4-10s), video_clip_5(20-25s) | A1: audio_clip_1(0-8s), audio_clip_2(8-18s), audio_clip_3(18-30s) | A2 (Music): audio_clip_4(0-30s)",COVERED,"hard-panned left ... center the pan': attribute_equals(audio_clip_4, audio.pan, 0.0) enforces it; 'back to normal' volume checked via attribute_equals(volume, 0.0).",COVERED,,test,diagnosis/dependent,feasible/diagnosis/dependent/test/NLEB-DI-DE-035.yaml,
NLEB-EX-CU-018,spatial_position_without_position_constraint,Remove caption_1. / Add a new caption 'Updated Title' at the same position. Keep the removal.,"[required] entity_not_exists({""entity"": ""caption_1""}) 
[required] entity_exists({""entity"": ""$new_caption_1""}) 
[required] attribute_equals({""entity"": ""$new_caption_1"", ""field"": ""text"", ""value"": ""Updated Title""}) 
[required] unchanged_except({""changed"": [""caption_1"", ""$new_caption_1""]})","V1: video_clip_1(0-5s), video_clip_2(5-15s), video_clip_3(15-20s), caption_1(2-5s) | A1: audio_clip_1(0-5s), audio_clip_2(5-15s), audio_clip_3(15-20s) | A2 (BGM): audio_clip_4(0-20s)",CONFIRMED_GAP,"at the same position' as removed caption_1 — fixture-derivable value, checkable via position_equals; only text + existence checked. Gap under both timeline/spatial readings.",CONFIRMED_GAP,It must also check that the start and end times match those of the existing clip.,test,explicit/cumulative,feasible/explicit/cumulative/test/NLEB-EX-CU-018.yaml,
NLEB-EX-CU-031,spatial_position_without_position_constraint,Unlink video_clip_3 from audio_clip_3. / Remove video_clip_3. Keep the unlink intact. / Add a caption 'Cut here' at the position where video_clip_3 was. Preserve prior.,"[required] not_linked({""entity"": ""audio_clip_3""}) 
[required] entity_not_exists({""entity"": ""video_clip_3""}) 
[required] entity_exists({""entity"": ""$new_caption_1""}) 
[required] attribute_equals({""entity"": ""$new_caption_1"", ""field"": ""text"", ""value"": ""Cut here""}) 
[required] unchanged_except({""changed"": [""video_clip_3"", ""audio_clip_3"", ""$new_caption_1""]})","V1: video_clip_1(0-5s), video_clip_2(5-15s), video_clip_3(15-20s), caption_1(2-5s) | A1: audio_clip_1(0-5s), audio_clip_2(5-15s), audio_clip_3(15-20s) | A2 (BGM): audio_clip_4(0-20s)",CONFIRMED_GAP,"caption at the position where video_clip_3 was' — fixture-derivable start time, checkable via position_equals; only text + existence checked. Gap.",CONFIRMED_GAP,A check on new_caption_1's start and end times is needed.,test,explicit/cumulative,feasible/explicit/cumulative/test/NLEB-EX-CU-031.yaml,
NLEB-EX-DE-019,spatial_position_without_position_constraint,Remove caption_1 and add a replacement caption 'Revised Title' at the same position.,"[required] entity_not_exists({""entity"": ""caption_1""}) 
[required] entity_exists({""entity"": ""$new_caption_1""}) 
[required] attribute_equals({""entity"": ""$new_caption_1"", ""field"": ""text"", ""value"": ""Revised Title""})","V1: video_clip_1(0-5s), video_clip_2(5-15s), video_clip_3(15-20s), caption_1(2-5s) | A1: audio_clip_1(0-5s), audio_clip_2(5-15s), audio_clip_3(15-20s) | A2 (BGM): audio_clip_4(0-20s)",CONFIRMED_GAP,at the same position' normative; caption_1 position fixture-derivable (simple_sequence); no position_equals on $new_caption_1 — only existence+text checked.,CONFIRMED_GAP,Same reason as NLEB-EX-CU-031.,test,explicit/dependent,feasible/explicit/dependent/test/NLEB-EX-DE-019.yaml,
NLEB-ST-AT-036,spatial_position_without_position_constraint,Import a media file called 'outro.mp4' into the bin. / Add a caption 'Credits' at the timeline position where the longest V1 clip ends. / Remove the shortest caption currently on the timeline.,"[required] entity_count_changed({""type"": ""media"", ""direction"": ""increase""}) 
[required] entity_count_changed({""type"": ""caption"", ""direction"": ""increase""}) 
[required] entity_exists({""entity"": ""$new_caption_1""}) 
[required] attribute_equals({""entity"": ""$new_caption_1"", ""field"": ""text"", ""value"": ""Credits""}) 
[required] entity_not_exists({""entity"": ""caption_1""})","V1: video_clip_1(0-8s), caption_1(0.5-3s), video_clip_2(8-18s), caption_2(9-12s), video_clip_3(18-30s) | V2 (B-Roll): video_clip_4(4-10s), video_clip_5(20-25s) | A1: audio_clip_1(0-8s), audio_clip_2(8-18s), audio_clip_3(18-30s) | A2 (Music): audio_clip_4(0-30s)",CONFIRMED_GAP,"caption at the timeline position where the longest V1 clip ends' normative, fixture-derivable (vc3 ends at 30s); text checked, position_equals(30s) missing.",AMBIGUOUS,"A condition is needed for which bin the media is added to. Checking only that media and caption counts both increase is not sufficient. A condition on the new caption's start time is needed. And how could one fix the shortest caption as the pre-existing one and delete it, without knowing how long the new caption will be?",test,state/atomic,feasible/state/atomic/test/NLEB-ST-AT-036.yaml,
NLEB-ST-CO-024,spatial_position_without_position_constraint,Remove the shortest caption and add a new caption 'Updated' at the same position. / Set the longest V1 clip's speed to 0.9x and opacity to 0.85.,"[required] entity_not_exists({""entity"": ""caption_1""}) 
[required] entity_count_changed({""type"": ""caption"", ""direction"": ""increase""}) 
[required] entity_exists({""entity"": ""$new_caption_1""}) 
[required] attribute_equals({""entity"": ""$new_caption_1"", ""field"": ""text"", ""value"": ""Updated""}) 
[required] attribute_equals({""entity"": ""video_clip_3"", ""field"": ""speed"", ""value"": 0.9}) 
[required] attribute_equals({""entity"": ""video_clip_3"", ""field"": ""transform.opacity"", ""value"": 0.85})","V1: video_clip_1(0-8s), caption_1(0.5-3s), video_clip_2(8-18s), caption_2(9-12s), video_clip_3(18-30s) | V2 (B-Roll): video_clip_4(4-10s), video_clip_5(20-25s) | A1: audio_clip_1(0-8s), audio_clip_2(8-18s), audio_clip_3(18-30s) | A2 (Music): audio_clip_4(0-30s)",CONFIRMED_GAP,"add a new caption Updated at the same position' is normative; fixture-derivable (caption_1 pos in complex_sequence) via position_equals, but only existence+text checked on $new_caption_1.",CONFIRMED_GAP,A check on new_caption_1's start and end times is needed.,test,state/compound,feasible/state/compound/test/NLEB-ST-CO-024.yaml,
NLEB-ST-CU-020,spatial_position_without_position_constraint,Speed up the longest video clip to 1.25x. / Now mute the audio that plays while it plays. / Then add a caption 'Highlight' at the timeline position where it starts.,"[required] attribute_equals({""entity"": ""video_clip_2"", ""field"": ""speed"", ""value"": 1.25}) 
[required] attribute_equals({""entity"": ""audio_clip_2"", ""field"": ""audio.muted"", ""value"": true}) 
[required] entity_count_changed({""type"": ""caption"", ""direction"": ""increase""}) 
[required] entity_exists({""entity"": ""$new_caption_1""}) 
[required] attribute_equals({""entity"": ""$new_caption_1"", ""field"": ""text"", ""value"": ""Highlight""})","V1: video_clip_1(0-5s), video_clip_2(5-15s), video_clip_3(15-20s), caption_1(2-5s) | A1: audio_clip_1(0-5s), audio_clip_2(5-15s), audio_clip_3(15-20s) | A2 (BGM): audio_clip_4(0-20s)",CONFIRMED_GAP,"caption Highlight at the timeline position where it starts' normative, fixture-derivable (vc2 starts at 5s); no position_equals on $new_caption_1, only existence+text.",CONFIRMED_GAP,"If the video goes to 1.5x, its duration must become 2/3. A condition on the clip's end time to match is needed. A condition on the caption increase alone is not sufficient. A condition on the new caption's start time is needed.",test,state/cumulative,feasible/state/cumulative/test/NLEB-ST-CU-020.yaml,
NLEB-ST-CU-039,spatial_position_without_position_constraint,"On timeline 1, find the video clip that starts earliest and reduce its opacity to 0.8. / Next, find the video clip that starts latest and mute the audio that plays with it. / Now add a caption 'End' at the position of the latest-starting clip. / Preserve earlier changes.","[required] attribute_equals({""entity"": ""vc_1"", ""field"": ""transform.opacity"", ""value"": 0.8}) 
[required] attribute_equals({""entity"": ""ac_3"", ""field"": ""audio.muted"", ""value"": true}) 
[required] entity_count_changed({""type"": ""caption"", ""direction"": ""increase""}) 
[required] entity_exists({""entity"": ""$new_caption_1""}) 
[required] attribute_equals({""entity"": ""$new_caption_1"", ""field"": ""text"", ""value"": ""End""}) 
[required] unchanged_except({""changed"": [""vc_1"", ""ac_3"", ""$new_caption_1""]})","V1: vc_1(0-10s), vc_2(10-25s), vc_3(25-40s) | A1: ac_1(0-10s), ac_2(10-25s), ac_3(25-40s) | Caption Track 1: cc_1(1-4s), cc_2(5-9s), cc_3(12-18s), cc_4(30-35s) | V1: vc_4(0-25s), vc_5(25-40s) | A1: ac_4(0-25s), ac_5(25-40s) | V1: vc_6(0-15s), vc_7(15-25s) | A1: ac_6(0-15s), ac_7(15-25s)",CONFIRMED_GAP,"caption End at the position of the latest-starting clip' normative, fixture-derivable (vc_3 start); no position_equals on $new_caption_1, only existence+text+count.",CONFIRMED_GAP,"The count condition on the new caption is insufficient, and there is no condition on timing.",test,state/cumulative,feasible/state/cumulative/test/NLEB-ST-CU-039.yaml,
NLEB-CX-AT-004,split_position_without_position_constraint,The hero shot needs to be split at the halfway mark — there's a natural cut point there.,"[required] entity_exists({""entity"": ""$new_clip_1""}) 
[required] entity_count_changed({""type"": ""clip"", ""direction"": ""increase""})","V1: video_clip_1(0-8s), caption_1(0.5-3s), video_clip_2(8-18s), caption_2(9-12s), video_clip_3(18-30s) | V2 (B-Roll): video_clip_4(4-10s), video_clip_5(20-25s) | A1: audio_clip_1(0-8s), audio_clip_2(8-18s), audio_clip_3(18-30s) | A2 (Music): audio_clip_4(0-30s)",CONFIRMED_GAP,split at the halfway mark' normative; fixture-derivable (vc3 length known) but only entity_exists+entity_count_changed present; no position_equals/duration_equals on split point.,AMBIGUOUS,"Not knowing which clip is the hero shot, I cannot tell what is to be cut in half. Should this really be a clarify scenario? Even once the hero shot is identified, it should check by timing and entity id that the original clip is deleted and two new half clips are created.",dev,context/atomic,feasible/context/atomic/dev/NLEB-CX-AT-004.yaml,
NLEB-DI-DE-025,split_position_without_position_constraint,"The first audio clip is blown out loud — bring the volume back to normal, then split it at its midpoint to isolate the problem section.","[required] attribute_changed({""entity"": ""audio_clip_1"", ""field"": ""audio.volume"", ""direction"": ""decrease""}) 
[required] entity_count_changed({""type"": ""audio_clip"", ""direction"": ""increase""})","V1: video_clip_1(0-5s), video_clip_2(5-15s), video_clip_3(15-20s), caption_1(2-5s) | A1: audio_clip_1(0-5s), audio_clip_2(5-15s), audio_clip_3(15-20s) | A2 (BGM): audio_clip_4(0-20s)",CONFIRMED_GAP,split it at its midpoint' is normative; only entity_count_changed(increase) checked — no position/duration check on split point. Midpoint fixture-derivable; position_equals/duration_equals usable.,CONFIRMED_GAP,"If volume is to go ""back to normal"", does that not mean setting the volume effect to 0? And splitting a clip in half should be handled like the previous scenario, but with a condition checking that effects applied to the original clip remain on both halves afterwards.",test,diagnosis/dependent,feasible/diagnosis/dependent/test/NLEB-DI-DE-025.yaml,
NLEB-EX-CU-027,split_position_without_position_constraint,Split video_clip_3 at the midpoint. / Add a cross-dissolve transition between the two halves. Keep the split.,"[required] entity_exists({""entity"": ""$new_clip_1""}) 
[required] entity_exists({""entity"": ""$new_transition_1""}) 
[required] unchanged_except({""changed"": [""video_clip_3"", ""$new_clip_1"", ""$new_transition_1""]})","V1: video_clip_1(0-8s), caption_1(0.5-3s), video_clip_2(8-18s), caption_2(9-12s), video_clip_3(18-30s) | V2 (B-Roll): video_clip_4(4-10s), video_clip_5(20-25s) | A1: audio_clip_1(0-8s), audio_clip_2(8-18s), audio_clip_3(18-30s) | A2 (Music): audio_clip_4(0-30s)",CONFIRMED_GAP,"Split video_clip_3 at the midpoint' — fixture-derivable (clip length known), checkable via duration_equals/position_equals; only existence of split+transition checked.",CONFIRMED_GAP,No check on the time at which it is split in half. No condition on which two clips the transition is applied between. (Probably it should also check that the two clips are adjacent.),test,explicit/cumulative,feasible/explicit/cumulative/test/NLEB-EX-CU-027.yaml,
NLEB-EX-DE-010,split_position_without_position_constraint,Split video_clip_3 at the midpoint. / Add a saturation effect to the second half. / Insert a cross-dissolve transition between the two halves.,"[required] entity_exists({""entity"": ""$new_clip_1""}) 
[required] has_effect({""entity"": ""$new_clip_1"", ""effect_type"": ""saturation""}) 
[required] entity_exists({""entity"": ""$new_transition_1""})","V1: video_clip_1(0-8s), caption_1(0.5-3s), video_clip_2(8-18s), caption_2(9-12s), video_clip_3(18-30s) | V2 (B-Roll): video_clip_4(4-10s), video_clip_5(20-25s) | A1: audio_clip_1(0-8s), audio_clip_2(8-18s), audio_clip_3(18-30s) | A2 (Music): audio_clip_4(0-30s)",CONFIRMED_GAP,"at the midpoint' normative, fixture-derivable (complex_sequence vc3); only entity_exists/has_effect/transition present, no position_equals/duration_equals on halves.",CONFIRMED_GAP,"Same reason as NLEB-EX-CU-027. There is no condition checking between which two clips the transition is added, or which transition it is.",dev,explicit/dependent,feasible/explicit/dependent/dev/NLEB-EX-DE-010.yaml,
NLEB-ST-AT-003,split_position_without_position_constraint,Split the longest video clip on the timeline at its midpoint.,"[required] entity_count_changed({""type"": ""video_clip"", ""direction"": ""increase""}) 
[required] unchanged_except({""changed"": [""video_clip_2"", ""$new_video_clip_1""]})","V1: video_clip_1(0-5s), video_clip_2(5-15s), video_clip_3(15-20s), caption_1(2-5s) | A1: audio_clip_1(0-5s), audio_clip_2(5-15s), audio_clip_3(15-20s) | A2 (BGM): audio_clip_4(0-20s)",CONFIRMED_GAP,"at its midpoint' normative, fixture-derivable (notes: vc2 span 5-15, split at 10); only entity_count_changed+unchanged_except; no duration/position check on halves.",CONFIRMED_GAP,A condition on the increase in clip count is not sufficient. There is no condition on the new clip. There is no condition on each clip's timing.,dev,state/atomic,feasible/state/atomic/dev/NLEB-ST-AT-003.yaml,
NLEB-ST-AT-009,split_position_without_position_constraint,Split the longest video clip on V1 at its midpoint. / Remove the shorter caption from the timeline. / Lower the BGM volume by 3 dB.,"[required] entity_count_changed({""type"": ""video_clip"", ""direction"": ""increase""}) 
[required] entity_not_exists({""entity"": ""caption_1""}) 
[required] attribute_changed({""entity"": ""audio_clip_4"", ""field"": ""audio.volume"", ""direction"": ""decrease""})","V1: video_clip_1(0-8s), caption_1(0.5-3s), video_clip_2(8-18s), caption_2(9-12s), video_clip_3(18-30s) | V2 (B-Roll): video_clip_4(4-10s), video_clip_5(20-25s) | A1: audio_clip_1(0-8s), audio_clip_2(8-18s), audio_clip_3(18-30s) | A2 (Music): audio_clip_4(0-30s)",CONFIRMED_GAP,"Split ... at its midpoint' normative, fixture-derivable (longest V1=vc3); only entity_count_changed(increase) for the split; midpoint unverified by any predicate.",AMBIGUOUS,[adjudicated in an author review session; verdict recorded outside this sheet],dev,state/atomic,feasible/state/atomic/dev/NLEB-ST-AT-009.yaml,
NLEB-ST-AT-014,split_position_without_position_constraint,Split the shortest audio clip on track 1 at its midpoint.,"[required] entity_count_changed({""type"": ""audio_clip"", ""direction"": ""increase""})","V1: video_clip_1(0-5s), video_clip_2(5-15s), video_clip_3(15-20s), caption_1(2-5s) | A1: audio_clip_1(0-5s), audio_clip_2(5-15s), audio_clip_3(15-20s) | A2 (BGM): audio_clip_4(0-20s)",CONFIRMED_GAP,"at its midpoint' normative, fixture-derivable (ac1, 5s); only entity_count_changed(audio_clip,increase); midpoint position/duration of halves unchecked.",CONFIRMED_GAP,[adjudicated in an author review session; verdict recorded outside this sheet],test,state/atomic,feasible/state/atomic/test/NLEB-ST-AT-014.yaml,
NLEB-ST-AT-027,split_position_without_position_constraint,Set the longest video's rotation to 3 degrees. / Split the shortest audio clip on track 1 at its midpoint.,"[required] attribute_equals({""entity"": ""video_clip_2"", ""field"": ""transform.rotation"", ""value"": 3.0}) 
[required] entity_count_changed({""type"": ""audio_clip"", ""direction"": ""increase""})","V1: video_clip_1(0-5s), video_clip_2(5-15s), video_clip_3(15-20s), caption_1(2-5s) | A1: audio_clip_1(0-5s), audio_clip_2(5-15s), audio_clip_3(15-20s) | A2 (BGM): audio_clip_4(0-20s)",CONFIRMED_GAP,"at its midpoint' normative, fixture-derivable (shortest track-1 audio=ac1); split only checked via entity_count_changed(increase); midpoint unverified.",CONFIRMED_GAP,[adjudicated in an author review session; verdict recorded outside this sheet],test,state/atomic,feasible/state/atomic/test/NLEB-ST-AT-027.yaml,
NLEB-ST-CO-002,split_position_without_position_constraint,Split the shortest video clip at its midpoint and add a blur effect to the first half.,"[required] entity_count_changed({""type"": ""video_clip"", ""direction"": ""increase""}) 
[required] has_effect({""entity"": ""video_clip_1"", ""effect_type"": ""blur""})","V1: video_clip_1(0-5s), video_clip_2(5-15s), video_clip_3(15-20s), caption_1(2-5s) | A1: audio_clip_1(0-5s), audio_clip_2(5-15s), audio_clip_3(15-20s) | A2 (BGM): audio_clip_4(0-20s)",CONFIRMED_GAP,"at its midpoint' normative, fixture-derivable (shortest=vc1); split checked only via entity_count_changed(increase); midpoint position/duration unverified.",CONFIRMED_GAP,[adjudicated in an author review session; verdict recorded outside this sheet],dev,state/compound,feasible/state/compound/dev/NLEB-ST-CO-002.yaml,
NLEB-ST-CO-023,split_position_without_position_constraint,Split the longest video at its midpoint and add a fade-out to the first half. / Add a cross-dissolve transition between the two resulting halves.,"[required] entity_count_changed({""type"": ""video_clip"", ""direction"": ""increase""}) 
[required] has_effect({""entity"": ""video_clip_2"", ""effect_type"": ""fade_out""}) 
[required] has_transition({""between"": [""video_clip_2"", ""$new_video_clip_1""], ""type"": ""cross_dissolve""})","V1: video_clip_1(0-5s), video_clip_2(5-15s), video_clip_3(15-20s), caption_1(2-5s) | A1: audio_clip_1(0-5s), audio_clip_2(5-15s), audio_clip_3(15-20s) | A2 (BGM): audio_clip_4(0-20s)",CONFIRMED_GAP,"at its midpoint' normative, fixture-derivable (longest=vc2); has_transition checks placement between halves but split point itself unverified; duration/position check missing.",CONFIRMED_GAP,[adjudicated in an author review session; verdict recorded outside this sheet],test,state/compound,feasible/state/compound/test/NLEB-ST-CO-023.yaml,
NLEB-ST-CO-036,split_position_without_position_constraint,"Split the longest video at its midpoint and add transitions between the halves. / On the BGM, set volume to -5 dB and add a fade-in effect. / Add a caption 'Part 1' over the first half and 'Part 2' over the second half.","[required] entity_count_changed({""type"": ""video_clip"", ""direction"": ""increase""}) 
[required] attribute_equals({""entity"": ""audio_clip_4"", ""field"": ""audio.volume"", ""value"": -5.0}) 
[required] has_effect({""entity"": ""audio_clip_4"", ""effect_type"": ""fade_in""}) 
[required] entity_count_changed({""type"": ""caption"", ""direction"": ""increase""}) 
[required] entity_exists({""entity"": ""$new_caption_1""}) 
[required] entity_exists({""entity"": ""$new_caption_2""}) 
[required] attribute_equals({""entity"": ""$new_caption_1"", ""field"": ""text"", ""value"": ""Part 1""}) 
[required] attribute_equals({""entity"": ""$new_caption_2"", ""field"": ""text"", ""value"": ""Part 2""})","V1: video_clip_1(0-5s), video_clip_2(5-15s), video_clip_3(15-20s), caption_1(2-5s) | A1: audio_clip_1(0-5s), audio_clip_2(5-15s), audio_clip_3(15-20s) | A2 (BGM): audio_clip_4(0-20s)",CONFIRMED_GAP,"Split the longest video at its midpoint' normative, fixture-derivable (vc2); only entity_count_changed increase — no duration_equals/position check on halves. (Transition between halves also unchecked.)",CONFIRMED_GAP,[adjudicated in an author review session; verdict recorded outside this sheet],test,state/compound,feasible/state/compound/test/NLEB-ST-CO-036.yaml,
NLEB-ST-CU-003,split_position_without_position_constraint,"On timeline 1, mute the audio clip that starts earliest. / Now increase the playback speed of the video clip that ends latest to 1.5x. Preserve the mute. / Split the longest video clip at its midpoint, keeping the earlier two changes intact. / Finally, add a fade-in to the first half of the split. Don't undo anything from before.","[required] attribute_equals({""entity"": ""ac_1"", ""field"": ""audio.muted"", ""value"": true}) 
[required] attribute_equals({""entity"": ""vc_3"", ""field"": ""speed"", ""value"": 1.5}) 
[required] entity_count_changed({""type"": ""video_clip"", ""direction"": ""increase""}) 
[required] has_effect({""entity"": ""vc_2"", ""effect_type"": ""fade_in""}) 
[required] unchanged_except({""changed"": [""ac_1"", ""vc_3"", ""vc_2""]})","V1: vc_1(0-10s), vc_2(10-25s), vc_3(25-40s) | A1: ac_1(0-10s), ac_2(10-25s), ac_3(25-40s) | Caption Track 1: cc_1(1-4s), cc_2(5-9s), cc_3(12-18s), cc_4(30-35s) | V1: vc_4(0-25s), vc_5(25-40s) | A1: ac_4(0-25s), ac_5(25-40s) | V1: vc_6(0-15s), vc_7(15-25s) | A1: ac_6(0-15s), ac_7(15-25s)",CONFIRMED_GAP,"Split the longest video clip at its midpoint' normative, fixture-derivable; only entity_count_changed(video_clip, increase) — no duration_equals on halves, so any split point passes.",,,dev,state/cumulative,feasible/state/cumulative/dev/NLEB-ST-CU-003.yaml,
NLEB-ST-CU-014,split_position_without_position_constraint,Split the longest video clip at its midpoint. / Then add a blur effect to the first half.,"[required] entity_count_changed({""type"": ""video_clip"", ""direction"": ""increase""}) 
[required] has_effect({""entity"": ""video_clip_2"", ""effect_type"": ""blur""})","V1: video_clip_1(0-5s), video_clip_2(5-15s), video_clip_3(15-20s), caption_1(2-5s) | A1: audio_clip_1(0-5s), audio_clip_2(5-15s), audio_clip_3(15-20s) | A2 (BGM): audio_clip_4(0-20s)",CONFIRMED_GAP,"Split the longest video clip at its midpoint' normative, fixture-derivable (longest=vc2); only entity_count_changed increase + blur on vc2 — split position entirely unchecked.",,,test,state/cumulative,feasible/state/cumulative/test/NLEB-ST-CU-014.yaml,
NLEB-ST-DE-003,split_position_without_position_constraint,Split the longest clip on V1 at its midpoint. / Add a cross-dissolve transition between the two resulting halves.,"[required] entity_count_changed({""type"": ""video_clip"", ""direction"": ""increase""}) 
[required] has_transition({""between"": [""video_clip_3"", ""$new_video_clip_1""], ""type"": ""cross_dissolve""})","V1: video_clip_1(0-8s), caption_1(0.5-3s), video_clip_2(8-18s), caption_2(9-12s), video_clip_3(18-30s) | V2 (B-Roll): video_clip_4(4-10s), video_clip_5(20-25s) | A1: audio_clip_1(0-8s), audio_clip_2(8-18s), audio_clip_3(18-30s) | A2 (Music): audio_clip_4(0-30s)",CONFIRMED_GAP,"Split the longest clip on V1 at its midpoint' normative, fixture-derivable (vc3, 12s -> 6s halves); only entity_count_changed increase + has_transition — no duration_equals on halves.",,,dev,state/dependent,feasible/state/dependent/dev/NLEB-ST-DE-003.yaml,
NLEB-ST-DE-022,split_position_without_position_constraint,Split the longest V1 clip at its midpoint. / Add a caption 'Part 2' over the second half of the split.,"[required] entity_count_changed({""type"": ""video_clip"", ""direction"": ""increase""}) 
[required] entity_count_changed({""type"": ""caption"", ""direction"": ""increase""}) 
[required] entity_exists({""entity"": ""$new_caption_1""}) 
[required] attribute_equals({""entity"": ""$new_caption_1"", ""field"": ""text"", ""value"": ""Part 2""})","V1: video_clip_1(0-8s), caption_1(0.5-3s), video_clip_2(8-18s), caption_2(9-12s), video_clip_3(18-30s) | V2 (B-Roll): video_clip_4(4-10s), video_clip_5(20-25s) | A1: audio_clip_1(0-8s), audio_clip_2(8-18s), audio_clip_3(18-30s) | A2 (Music): audio_clip_4(0-30s)",CONFIRMED_GAP,"Split the longest V1 clip at its midpoint' normative, fixture-derivable (vc3); only count-increase checks — no duration_equals on halves and no position check that caption sits over the second half.",,,test,state/dependent,feasible/state/dependent/test/NLEB-ST-DE-022.yaml,
NLEB-ST-DE-039,split_position_without_position_constraint,Split the longest V1 clip at its midpoint. / Remove the second half since it has poor footage. / Add a fade-out to the remaining first half.,"[required] entity_count_changed({""type"": ""video_clip"", ""direction"": ""increase""}) 
[required] has_effect({""entity"": ""video_clip_3"", ""effect_type"": ""fade_out""})","V1: video_clip_1(0-8s), caption_1(0.5-3s), video_clip_2(8-18s), caption_2(9-12s), video_clip_3(18-30s) | V2 (B-Roll): video_clip_4(4-10s), video_clip_5(20-25s) | A1: audio_clip_1(0-8s), audio_clip_2(8-18s), audio_clip_3(18-30s) | A2 (Music): audio_clip_4(0-30s)",CONFIRMED_GAP,"Split at its midpoint' + remove second half implies vc3 ends at half its original duration — fixture-derivable via duration_equals, unchecked. (Also entity_count_changed increase conflicts with net-zero count after remove.)",,,test,state/dependent,feasible/state/dependent/test/NLEB-ST-DE-039.yaml,
NLEB-CX-CO-005,time_mention_without_time_constraint,"Import the new voiceover file 'narration.wav' into the project. / Place a clip from it on audio track 1 starting at 5s, and link it with the intro shot.","[required] entity_exists({""entity"": ""$new_media_1""}) 
[required] entity_exists({""entity"": ""$new_clip_1""}) 
[required] has_link({""clip_ids"": [""video_clip_1"", ""$new_clip_1""]})","V1: video_clip_1(0-5s), video_clip_2(5-15s), video_clip_3(15-20s), caption_1(2-5s) | A1: audio_clip_1(0-5s), audio_clip_2(5-15s), audio_clip_3(15-20s) | A2 (BGM): audio_clip_4(0-20s)",CONFIRMED_GAP,"starting at 5s' for new audio clip normative, checkable via position_equals on $new_clip_1; constraints check media/clip existence+has_link only, no start-time check.",,,dev,context/compound,feasible/context/compound/dev/NLEB-CX-CO-005.yaml,
NLEB-CX-CO-022,time_mention_without_time_constraint,"Add a new audio clip from media_2 at 10s on audio track 1. / Link it with the middle video shot, and lower the BGM by 3 dB.","[required] entity_exists({""entity"": ""$new_clip_1""}) 
[required] has_link({""clip_ids"": [""video_clip_2"", ""$new_clip_1""]}) 
[required] attribute_changed({""entity"": ""audio_clip_4"", ""field"": ""audio.volume"", ""direction"": ""decrease""})","V1: video_clip_1(0-5s), video_clip_2(5-15s), video_clip_3(15-20s), caption_1(2-5s) | A1: audio_clip_1(0-5s), audio_clip_2(5-15s), audio_clip_3(15-20s) | A2 (BGM): audio_clip_4(0-20s)",CONFIRMED_GAP,add a new audio clip from media_2 at 10s' normative; only entity_exists+has_link+volume-direction; no position_equals for 10s start ('by 3 dB' amount also unchecked).,,,test,context/compound,feasible/context/compound/test/NLEB-CX-CO-022.yaml,
NLEB-CX-CO-026,time_mention_without_time_constraint,"Create a new video track for picture-in-picture. / Add a clip from media_3 on the new track at 5s, and scale the intro to 1.1.","[required] entity_exists({""entity"": ""$new_track_1""}) 
[required] entity_exists({""entity"": ""$new_clip_1""}) 
[required] attribute_equals({""entity"": ""video_clip_1"", ""field"": ""transform.scale_x"", ""value"": 1.1})","V1: video_clip_1(0-5s), video_clip_2(5-15s), video_clip_3(15-20s), caption_1(2-5s) | A1: audio_clip_1(0-5s), audio_clip_2(5-15s), audio_clip_3(15-20s) | A2 (BGM): audio_clip_4(0-20s)",CONFIRMED_GAP,add a clip from media_3 on the new track at 5s' normative; only entity_exists checks; no position_equals for 5s start. Scale 1.1 covered.,,,test,context/compound,feasible/context/compound/test/NLEB-CX-CO-026.yaml,
NLEB-CX-CO-037,time_mention_without_time_constraint,The opening V1 clip: scale 1.05 and add a blur effect. / Smooth the cut into the bridge with a wipe transition. / And add a scene label 'Part 1' at 0s.,"[required] attribute_equals({""entity"": ""video_clip_1"", ""field"": ""transform.scale_x"", ""value"": 1.05}) 
[required] has_effect({""entity"": ""video_clip_1"", ""effect_type"": ""blur""}) 
[required] entity_exists({""entity"": ""$new_transition_1""}) 
[required] entity_exists({""entity"": ""$new_caption_1""})","V1: video_clip_1(0-8s), caption_1(0.5-3s), video_clip_2(8-18s), caption_2(9-12s), video_clip_3(18-30s) | V2 (B-Roll): video_clip_4(4-10s), video_clip_5(20-25s) | A1: audio_clip_1(0-8s), audio_clip_2(8-18s), audio_clip_3(18-30s) | A2 (Music): audio_clip_4(0-30s)",CONFIRMED_GAP,scene label Part 1 at 0s': only entity_exists($new_caption_1); no position_equals for 0s (text also unchecked). Scale/blur/transition covered.,,,test,context/compound,feasible/context/compound/test/NLEB-CX-CO-037.yaml,
NLEB-CX-CU-007,time_mention_without_time_constraint,Import the new voiceover 'narration.wav' into the project. / Place a clip from it on audio track 1 at 5s. / Link the new audio with the intro video. Keep the import and clip.,"[required] entity_exists({""entity"": ""$new_media_1""}) 
[required] entity_exists({""entity"": ""$new_clip_1""}) 
[required] has_link({""clip_ids"": [""video_clip_1"", ""$new_clip_1""]}) 
[required] unchanged_except({""changed"": [""$new_media_1"", ""$new_clip_1"", ""video_clip_1""]})","V1: video_clip_1(0-5s), video_clip_2(5-15s), video_clip_3(15-20s), caption_1(2-5s) | A1: audio_clip_1(0-5s), audio_clip_2(5-15s), audio_clip_3(15-20s) | A2 (BGM): audio_clip_4(0-20s)",CONFIRMED_GAP,place a clip ... on audio track 1 at 5s' normative; only existence+has_link+unchanged_except; no position_equals for 5s start.,,,dev,context/cumulative,feasible/context/cumulative/dev/NLEB-CX-CU-007.yaml,
NLEB-CX-CU-023,time_mention_without_time_constraint,Create a new video track for overlays. / Add a clip from media_3 on the new track at 5s. Keep the track. / Lower the BGM by 3 dB. Preserve everything.,"[required] entity_exists({""entity"": ""$new_track_1""}) 
[required] entity_exists({""entity"": ""$new_clip_1""}) 
[required] attribute_changed({""entity"": ""audio_clip_4"", ""field"": ""audio.volume"", ""direction"": ""decrease""}) 
[required] unchanged_except({""changed"": [""$new_track_1"", ""$new_clip_1"", ""audio_clip_4""]})","V1: video_clip_1(0-5s), video_clip_2(5-15s), video_clip_3(15-20s), caption_1(2-5s) | A1: audio_clip_1(0-5s), audio_clip_2(5-15s), audio_clip_3(15-20s) | A2 (BGM): audio_clip_4(0-20s)",CONFIRMED_GAP,clip from media_3 on the new track at 5s': only entity_exists($new_clip_1); no position_equals(start=5s). Gap.,,,test,context/cumulative,feasible/context/cumulative/test/NLEB-CX-CU-023.yaml,
NLEB-CX-DE-002,time_mention_without_time_constraint,We have new background music — import 'ambient.mp3' and place a clip from it on audio track 2 starting at 0s.,"[required] entity_exists({""entity"": ""$new_media_1""}) 
[required] entity_exists({""entity"": ""$new_clip_1""})","V1: video_clip_1(0-5s), video_clip_2(5-15s), video_clip_3(15-20s), caption_1(2-5s) | A1: audio_clip_1(0-5s), audio_clip_2(5-15s), audio_clip_3(15-20s) | A2 (BGM): audio_clip_4(0-20s)",CONFIRMED_GAP,place a clip...starting at 0s': only entity_exists($new_media_1/$new_clip_1); no position_equals(start=0s). Gap.,,,dev,context/dependent,feasible/context/dependent/dev/NLEB-CX-DE-002.yaml,
NLEB-CX-DE-007,time_mention_without_time_constraint,I need a picture-in-picture layer. Create a new video track. / Now add a clip from media_2 on the new track starting at 5s.,"[required] entity_exists({""entity"": ""$new_track_1""}) 
[required] entity_exists({""entity"": ""$new_clip_1""})","V1: video_clip_1(0-5s), video_clip_2(5-15s), video_clip_3(15-20s), caption_1(2-5s) | A1: audio_clip_1(0-5s), audio_clip_2(5-15s), audio_clip_3(15-20s) | A2 (BGM): audio_clip_4(0-20s)",CONFIRMED_GAP,add a clip...starting at 5s': only entity_exists($new_track_1/$new_clip_1); no position_equals(start=5s). Gap.,,,dev,context/dependent,feasible/context/dependent/dev/NLEB-CX-DE-007.yaml,
NLEB-CX-DE-028,time_mention_without_time_constraint,"Create a new audio track for sound effects. / Add a clip from media_3 on the new track at 10s, and set its volume to -8 dB.","[required] entity_exists({""entity"": ""$new_track_1""}) 
[required] entity_exists({""entity"": ""$new_clip_1""}) 
[required] attribute_equals({""entity"": ""$new_clip_1"", ""field"": ""audio.volume"", ""value"": -8.0})","V1: video_clip_1(0-8s), caption_1(0.5-3s), video_clip_2(8-18s), caption_2(9-12s), video_clip_3(18-30s) | V2 (B-Roll): video_clip_4(4-10s), video_clip_5(20-25s) | A1: audio_clip_1(0-8s), audio_clip_2(8-18s), audio_clip_3(18-30s) | A2 (Music): audio_clip_4(0-30s)",CONFIRMED_GAP,"clip from media_3 on the new track at 10s': volume=-8dB checked, but no position_equals(start=10s) on $new_clip_1. Gap.",,,test,context/dependent,feasible/context/dependent/test/NLEB-CX-DE-028.yaml,
NLEB-CX-DE-037,time_mention_without_time_constraint,Add a new audio clip from media_2 at 5s on audio track 1. / Link it with the hero shot on V1. / Extend the hero shot by 1 second so it covers the full audio.,"[required] entity_exists({""entity"": ""$new_clip_1""}) 
[required] has_link({""clip_ids"": [""video_clip_3"", ""$new_clip_1""]}) 
[required] attribute_changed({""entity"": ""video_clip_3"", ""field"": ""duration"", ""direction"": ""increase""})","V1: video_clip_1(0-8s), caption_1(0.5-3s), video_clip_2(8-18s), caption_2(9-12s), video_clip_3(18-30s) | V2 (B-Roll): video_clip_4(4-10s), video_clip_5(20-25s) | A1: audio_clip_1(0-8s), audio_clip_2(8-18s), audio_clip_3(18-30s) | A2 (Music): audio_clip_4(0-30s)",CONFIRMED_GAP,"audio clip...at 5s on audio track 1': no position_equals(start=5s) on $new_clip_1; also 'extend by 1 second' only checked as attribute_changed(increase), magnitude unchecked. Gap.",,,test,context/dependent,feasible/context/dependent/test/NLEB-CX-DE-037.yaml,
NLEB-EX-AT-002,time_mention_without_time_constraint,Add a new clip from av_media_1 onto track V1 starting at 00:00:25:00.,"[required] entity_count_changed({""type"": ""clip"", ""direction"": ""increase""}) 
[required] entity_exists({""entity"": ""$new_clip_1""})","V1: video_clip_1(0-5s), video_clip_2(5-15s), video_clip_3(15-20s), caption_1(2-5s) | A1: audio_clip_1(0-5s), audio_clip_2(5-15s), audio_clip_3(15-20s) | A2 (BGM): audio_clip_4(0-20s)",CONFIRMED_GAP,starting at 00:00:25:00' normative; only entity_count_changed + entity_exists($new_clip_1) — no position_equals on start time. Checkable with library predicate.,CONFIRMED_GAP,[adjudicated in an author review session; verdict recorded outside this sheet],dev,explicit/atomic,feasible/explicit/atomic/dev/NLEB-EX-AT-002.yaml,
NLEB-EX-AT-016,time_mention_without_time_constraint,Add a new clip from av_media_2 onto track V2 at 00:00:15:00.,"[required] entity_count_changed({""type"": ""clip"", ""direction"": ""increase""}) 
[required] entity_exists({""entity"": ""$new_clip_1""})","V1: video_clip_1(0-8s), caption_1(0.5-3s), video_clip_2(8-18s), caption_2(9-12s), video_clip_3(18-30s) | V2 (B-Roll): video_clip_4(4-10s), video_clip_5(20-25s) | A1: audio_clip_1(0-8s), audio_clip_2(8-18s), audio_clip_3(18-30s) | A2 (Music): audio_clip_4(0-30s)",CONFIRMED_GAP,onto track V2 at 00:00:15:00' normative; only entity_count_changed + entity_exists — start time (and track) unchecked. position_equals available.,CONFIRMED_GAP,[adjudicated in an author review session; verdict recorded outside this sheet],test,explicit/atomic,feasible/explicit/atomic/test/NLEB-EX-AT-016.yaml,
NLEB-EX-AT-032,time_mention_without_time_constraint,Import /assets/music.mp3 as media. / Add a clip from it onto A2 at 00:00:00:00.,"[required] entity_count_changed({""type"": ""media"", ""direction"": ""increase""}) 
[required] entity_count_changed({""type"": ""clip"", ""direction"": ""increase""})","V1: video_clip_1(0-5s), video_clip_2(5-15s), video_clip_3(15-20s), caption_1(2-5s) | A1: audio_clip_1(0-5s), audio_clip_2(5-15s), audio_clip_3(15-20s) | A2 (BGM): audio_clip_4(0-20s)",CONFIRMED_GAP,onto A2 at 00:00:00:00' normative explicit time; only entity_count_changed(media/clip) — placement time (and track) unchecked. position_equals(0) checkable.,CONFIRMED_GAP,[adjudicated in an author review session; verdict recorded outside this sheet],test,explicit/atomic,feasible/explicit/atomic/test/NLEB-EX-AT-032.yaml,
NLEB-EX-CU-004,time_mention_without_time_constraint,Create a new video track above the existing ones. / Add a clip from av_media_1 on the new track at 0s. Keep the track.,"[required] entity_exists({""entity"": ""$new_track_1""}) 
[required] entity_exists({""entity"": ""$new_clip_1""}) 
[required] unchanged_except({""changed"": [""$new_track_1"", ""$new_clip_1""]})","V1: video_clip_1(0-5s), video_clip_2(5-15s), video_clip_3(15-20s), caption_1(2-5s) | A1: audio_clip_1(0-5s), audio_clip_2(5-15s), audio_clip_3(15-20s) | A2 (BGM): audio_clip_4(0-20s)",CONFIRMED_GAP,"Add a clip...at 0s' normative; only entity_exists($new_clip_1) — no position_equals for 0s start. Checkable, unchecked.",,,dev,explicit/cumulative,feasible/explicit/cumulative/dev/NLEB-EX-CU-004.yaml,
NLEB-EX-CU-022,time_mention_without_time_constraint,Create a new video track. / Add a clip from av_media_2 on the new track at 2s. Keep the track. / Apply a blur effect to the new clip. Preserve everything.,"[required] entity_exists({""entity"": ""$new_track_1""}) 
[required] entity_exists({""entity"": ""$new_clip_1""}) 
[required] has_effect({""entity"": ""$new_clip_1"", ""effect_type"": ""blur""})","V1: video_clip_1(0-8s), caption_1(0.5-3s), video_clip_2(8-18s), caption_2(9-12s), video_clip_3(18-30s) | V2 (B-Roll): video_clip_4(4-10s), video_clip_5(20-25s) | A1: audio_clip_1(0-8s), audio_clip_2(8-18s), audio_clip_3(18-30s) | A2 (Music): audio_clip_4(0-30s)",CONFIRMED_GAP,Add a clip...at 2s' normative; only entity_exists + has_effect — no position_equals for 2s start. Gap.,,,test,explicit/cumulative,feasible/explicit/cumulative/test/NLEB-EX-CU-022.yaml,
NLEB-EX-CU-032,time_mention_without_time_constraint,Import 'narration.wav' as media. / Add it as an audio clip at 0s. / Link the new audio with video_clip_1. Keep all prior.,"[required] entity_exists({""entity"": ""$new_media_1""}) 
[required] entity_exists({""entity"": ""$new_clip_1""}) 
[required] has_link({""clip_ids"": [""video_clip_1"", ""$new_clip_1""]}) 
[required] unchanged_except({""changed"": [""$new_media_1"", ""$new_clip_1"", ""video_clip_1""]})","V1: video_clip_1(0-5s), video_clip_2(5-15s), video_clip_3(15-20s), caption_1(2-5s) | A1: audio_clip_1(0-5s), audio_clip_2(5-15s), audio_clip_3(15-20s) | A2 (BGM): audio_clip_4(0-20s)",CONFIRMED_GAP,Add it as an audio clip at 0s' normative; only entity_exists + has_link — no position_equals for 0s. Gap.,,,test,explicit/cumulative,feasible/explicit/cumulative/test/NLEB-EX-CU-032.yaml,
NLEB-EX-CU-039,time_mention_without_time_constraint,Create a new audio track named 'SFX'. / Import 'explosion.wav' as media. Keep the track. / Add the imported audio as a clip at 10s on the SFX track. Preserve all. / Link the SFX clip with video_clip_3. Keep everything intact.,"[required] entity_exists({""entity"": ""$new_track_1""}) 
[required] entity_exists({""entity"": ""$new_media_1""}) 
[required] entity_exists({""entity"": ""$new_clip_1""}) 
[required] has_link({""clip_ids"": [""video_clip_3"", ""$new_clip_1""]}) 
[required] unchanged_except({""changed"": [""$new_track_1"", ""$new_media_1"", ""$new_clip_1"", ""video_clip_3""]})","V1: video_clip_1(0-8s), caption_1(0.5-3s), video_clip_2(8-18s), caption_2(9-12s), video_clip_3(18-30s) | V2 (B-Roll): video_clip_4(4-10s), video_clip_5(20-25s) | A1: audio_clip_1(0-8s), audio_clip_2(8-18s), audio_clip_3(18-30s) | A2 (Music): audio_clip_4(0-30s)",CONFIRMED_GAP,clip at 10s on the SFX track' normative; only entity_exists + has_link — no position_equals for 10s start. Gap.,,,test,explicit/cumulative,feasible/explicit/cumulative/test/NLEB-EX-CU-039.yaml,
NLEB-EX-DE-009,time_mention_without_time_constraint,Add a new audio clip from av_media_2 starting at 5s on audio track 1. / Link the new audio clip with video_clip_2. / Extend video_clip_2 by 1 second so it covers the full audio.,"[required] entity_exists({""entity"": ""$new_clip_1""}) 
[required] has_link({""clip_ids"": [""video_clip_2"", ""$new_clip_1""]}) 
[required] attribute_changed({""entity"": ""video_clip_2"", ""field"": ""duration"", ""direction"": ""increase""}) 
[required] unchanged_except({""changed"": [""video_clip_2"", ""$new_clip_1""]})","V1: video_clip_1(0-5s), video_clip_2(5-15s), video_clip_3(15-20s), caption_1(2-5s) | A1: audio_clip_1(0-5s), audio_clip_2(5-15s), audio_clip_3(15-20s) | A2 (BGM): audio_clip_4(0-20s)",CONFIRMED_GAP,starting at 5s on audio track 1' normative; only entity_exists — no position_equals for 5s. (Extend 'by 1 second' also only direction-checked via attribute_changed.),,,dev,explicit/dependent,feasible/explicit/dependent/dev/NLEB-EX-DE-009.yaml,
NLEB-EX-DE-011,time_mention_without_time_constraint,Import 'overlay.png' as media and add it as a clip at 0s on video track 1.,"[required] entity_exists({""entity"": ""$new_media_1""}) 
[required] entity_exists({""entity"": ""$new_clip_1""})","V1: video_clip_1(0-5s), video_clip_2(5-15s), video_clip_3(15-20s), caption_1(2-5s) | A1: audio_clip_1(0-5s), audio_clip_2(5-15s), audio_clip_3(15-20s) | A2 (BGM): audio_clip_4(0-20s)",CONFIRMED_GAP,at 0s on video track 1' normative; only entity_exists($new_media_1/$new_clip_1); no position_equals for start=0s or track placement check.,,,test,explicit/dependent,feasible/explicit/dependent/test/NLEB-EX-DE-011.yaml,
NLEB-EX-DE-022,time_mention_without_time_constraint,Import 'logo.png' as new media. / Add it as a clip at 0s and scale it to 0.3 for a watermark.,"[required] entity_exists({""entity"": ""$new_media_1""}) 
[required] entity_exists({""entity"": ""$new_clip_1""}) 
[required] attribute_equals({""entity"": ""$new_clip_1"", ""field"": ""transform.scale_x"", ""value"": 0.3})","V1: video_clip_1(0-5s), video_clip_2(5-15s), video_clip_3(15-20s), caption_1(2-5s) | A1: audio_clip_1(0-5s), audio_clip_2(5-15s), audio_clip_3(15-20s) | A2 (BGM): audio_clip_4(0-20s)",CONFIRMED_GAP,Add it as a clip at 0s' normative; scale 0.3 checked via attribute_equals but clip start time unchecked; position_equals(0s) missing.,,,test,explicit/dependent,feasible/explicit/dependent/test/NLEB-EX-DE-022.yaml,
NLEB-EX-DE-033,time_mention_without_time_constraint,Add a 3-second clip from av_media_1 at the start of the timeline. / Apply a blur effect to it and set its opacity to 0.6 as a background.,"[required] entity_exists({""entity"": ""$new_clip_1""}) 
[required] has_effect({""entity"": ""$new_clip_1"", ""effect_type"": ""blur""}) 
[required] attribute_equals({""entity"": ""$new_clip_1"", ""field"": ""transform.opacity"", ""value"": 0.6})","V1: video_clip_1(0-5s), video_clip_2(5-15s), video_clip_3(15-20s), caption_1(2-5s) | A1: audio_clip_1(0-5s), audio_clip_2(5-15s), audio_clip_3(15-20s) | A2 (BGM): audio_clip_4(0-20s)",CONFIRMED_GAP,3-second clip ... at the start of the timeline' normative; blur+opacity checked but neither duration_equals(3s) nor position_equals(0s) present.,CONFIRMED_GAP,[adjudicated in an author review session; verdict recorded outside this sheet],test,explicit/dependent,feasible/explicit/dependent/test/NLEB-EX-DE-033.yaml,
NLEB-ST-AT-020,time_mention_without_time_constraint,Unlink the video clip and audio clip that are linked together at the start of the timeline.,"[required] not_linked({""entity"": ""video_clip_1""})","V1: video_clip_1(0-5s), video_clip_2(5-15s), video_clip_3(15-20s), caption_1(2-5s) | A1: audio_clip_1(0-5s), audio_clip_2(5-15s), audio_clip_3(15-20s) | A2 (BGM): audio_clip_4(0-20s)",COVERED,"at the start of the timeline' is a selector identifying the pair (vc1+ac1), not a positional demand; not_linked(video_clip_1) enforces the correct target.",,,test,state/atomic,feasible/state/atomic/test/NLEB-ST-AT-020.yaml,
NLEB-ST-AT-031,time_mention_without_time_constraint,Set the duration of the transition closest to the start of the timeline to 2 seconds. / Lower the volume of the second audio clip by 4 dB.,"[required] attribute_equals({""entity"": ""vt_trans_1"", ""field"": ""duration"", ""value"": 2.0}) 
[required] attribute_changed({""entity"": ""ac_2"", ""field"": ""audio.volume"", ""direction"": ""decrease""})","V1: vc_1(0-5s), vc_2(5-10s) | A1: ac_1(0-5s), ac_2(5-10s)",COVERED,"to 2 seconds' enforced by attribute_equals(vt_trans_1,duration,2.0); 'closest to the start' is a selector resolved to vt_trans_1, enforced by targeting that entity.",,,test,state/atomic,feasible/state/atomic/test/NLEB-ST-AT-031.yaml,
NLEB-ST-AT-033,time_mention_without_time_constraint,Unlink the video and audio clips that are linked at the end of the timeline. / Set the longest video clip's speed to 0.8x.,"[required] not_linked({""entity"": ""video_clip_3""}) 
[required] attribute_equals({""entity"": ""video_clip_2"", ""field"": ""speed"", ""value"": 0.8})","V1: video_clip_1(0-5s), video_clip_2(5-15s), video_clip_3(15-20s), caption_1(2-5s) | A1: audio_clip_1(0-5s), audio_clip_2(5-15s), audio_clip_3(15-20s) | A2 (BGM): audio_clip_4(0-20s)",COVERED,at the end of the timeline' is a selector for the linked pair (vc3+ac3); not_linked(video_clip_3) enforces the correct target; speed 0.8 via attribute_equals.,,,test,state/atomic,feasible/state/atomic/test/NLEB-ST-AT-033.yaml,
NLEB-ST-DE-005,time_mention_without_time_constraint,"Mute the longest audio clip (the BGM). / Raise the volume of the longest V1 clip's audio by 4 dB to compensate, and add a caption 'No BGM' at its start.","[required] attribute_equals({""entity"": ""audio_clip_4"", ""field"": ""audio.muted"", ""value"": true}) 
[required] attribute_changed({""entity"": ""video_clip_3"", ""field"": ""audio.volume"", ""direction"": ""increase""}) 
[required] entity_count_changed({""type"": ""caption"", ""direction"": ""increase""}) 
[required] entity_exists({""entity"": ""$new_caption_1""}) 
[required] attribute_equals({""entity"": ""$new_caption_1"", ""field"": ""text"", ""value"": ""No BGM""})","V1: video_clip_1(0-8s), caption_1(0.5-3s), video_clip_2(8-18s), caption_2(9-12s), video_clip_3(18-30s) | V2 (B-Roll): video_clip_4(4-10s), video_clip_5(20-25s) | A1: audio_clip_1(0-8s), audio_clip_2(8-18s), audio_clip_3(18-30s) | A2 (Music): audio_clip_4(0-30s)",CONFIRMED_GAP,"add a caption No BGM at its start' (start of longest V1 clip vc3) normative, fixture-derivable; no position_equals on $new_caption_1, only existence+text.",CONFIRMED_GAP,[adjudicated in an author review session; verdict recorded outside this sheet],dev,state/dependent,feasible/state/dependent/dev/NLEB-ST-DE-005.yaml,
NLEB-ST-DE-017,time_mention_without_time_constraint,Remove the transition closest to the end of the timeline and add a fade-out effect to the clip before it.,"[required] entity_count_changed({""type"": ""transition"", ""direction"": ""decrease""}) 
[required] has_effect({""entity"": ""vc_1"", ""effect_type"": ""fade_out""})","V1: vc_1(0-5s), vc_2(5-10s) | A1: ac_1(0-5s), ac_2(5-10s)",CONFIRMED_GAP,"transition closest to the end' resolves to vt_trans_1 but identity is unchecked: only entity_count_changed(transition, decrease); fixture also has at_trans_1, so removing the wrong one passes. entity_not_exists(vt_trans_1) missing.",,,test,state/dependent,feasible/state/dependent/test/NLEB-ST-DE-017.yaml,
NLEB-CX-AT-007,time_mention_without_time_constraint;caption_or_title_time_coverage_candidate,Lower the background music by 6 dB — the dialogue needs room. / Also add a subtitle caption at 5s saying 'Interview begins'.,"[required] attribute_changed({""entity"": ""audio_clip_4"", ""field"": ""audio.volume"", ""direction"": ""decrease""}) 
[required] entity_exists({""entity"": ""$new_caption_1""}) 
[required] attribute_equals({""entity"": ""$new_caption_1"", ""field"": ""text"", ""value"": ""Interview begins""})","V1: video_clip_1(0-5s), video_clip_2(5-15s), video_clip_3(15-20s), caption_1(2-5s) | A1: audio_clip_1(0-5s), audio_clip_2(5-15s), audio_clip_3(15-20s) | A2 (BGM): audio_clip_4(0-20s)",CONFIRMED_GAP,"caption at 5s' normative, checkable via position_equals on $new_caption_1; constraints check existence+text only, no start-time check. Volume 'by 6 dB' also only direction-checked.",,,dev,context/atomic,feasible/context/atomic/dev/NLEB-CX-AT-007.yaml,
NLEB-CX-AT-014,time_mention_without_time_constraint;caption_or_title_time_coverage_candidate,The ending credits are missing — add a caption saying 'The End' at the end of the timeline.,"[required] entity_exists({""entity"": ""$new_caption_1""}) 
[required] attribute_equals({""entity"": ""$new_caption_1"", ""field"": ""text"", ""value"": ""The End""}) 
[required] entity_count_changed({""type"": ""caption"", ""direction"": ""increase""})","V1: video_clip_1(0-5s), video_clip_2(5-15s), video_clip_3(15-20s), caption_1(2-5s) | A1: audio_clip_1(0-5s), audio_clip_2(5-15s), audio_clip_3(15-20s) | A2 (BGM): audio_clip_4(0-20s)",CONFIRMED_GAP,"add a caption... at the end of the timeline' normative; fixture-derivable timeline end; only existence+text+count checked, no position_equals on caption start.",,,test,context/atomic,feasible/context/atomic/test/NLEB-CX-AT-014.yaml,
NLEB-CX-AT-015,time_mention_without_time_constraint;caption_or_title_time_coverage_candidate,The title card at the beginning is outdated — remove the existing caption.,"[required] entity_not_exists({""entity"": ""caption_1""}) 
[required] entity_count_changed({""type"": ""caption"", ""direction"": ""decrease""})","V1: video_clip_1(0-5s), video_clip_2(5-15s), video_clip_3(15-20s), caption_1(2-5s) | A1: audio_clip_1(0-5s), audio_clip_2(5-15s), audio_clip_3(15-20s) | A2 (BGM): audio_clip_4(0-20s)",COVERED,at the beginning' is referential context identifying which caption (title card=caption_1); removal fully enforced by entity_not_exists(caption_1)+count decrease. No time requirement to grade.,,,test,context/atomic,feasible/context/atomic/test/NLEB-CX-AT-015.yaml,
NLEB-CX-AT-040,time_mention_without_time_constraint;caption_or_title_time_coverage_candidate,The intro-to-middle cut needs a cross-dissolve transition. / And add a scene title 'Part One' at the 3-second mark.,"[required] entity_exists({""entity"": ""$new_transition_1""}) 
[required] entity_exists({""entity"": ""$new_caption_1""})","V1: video_clip_1(0-5s), video_clip_2(5-15s), video_clip_3(15-20s), caption_1(2-5s) | A1: audio_clip_1(0-5s), audio_clip_2(5-15s), audio_clip_3(15-20s) | A2 (BGM): audio_clip_4(0-20s)",CONFIRMED_GAP,scene title Part One at the 3-second mark': only entity_exists($new_caption_1); no position_equals for 3s (text also unchecked). Transition existence covered.,,,test,context/atomic,feasible/context/atomic/test/NLEB-CX-AT-040.yaml,
NLEB-CX-CO-001,time_mention_without_time_constraint;caption_or_title_time_coverage_candidate,"The intro needs to pop: scale it to 1.15, add a contrast effect, and place a title card caption 'Welcome' at 0s.","[required] attribute_equals({""entity"": ""video_clip_1"", ""field"": ""transform.scale_x"", ""value"": 1.15}) 
[required] has_effect({""entity"": ""video_clip_1"", ""effect_type"": ""contrast""}) 
[required] entity_exists({""entity"": ""$new_caption_1""}) 
[required] attribute_equals({""entity"": ""$new_caption_1"", ""field"": ""text"", ""value"": ""Welcome""}) 
[required] unchanged_except({""changed"": [""video_clip_1"", ""$new_caption_1""]})","V1: video_clip_1(0-5s), video_clip_2(5-15s), video_clip_3(15-20s), caption_1(2-5s) | A1: audio_clip_1(0-5s), audio_clip_2(5-15s), audio_clip_3(15-20s) | A2 (BGM): audio_clip_4(0-20s)",CONFIRMED_GAP,title card caption Welcome at 0s' normative and trivially checkable via position_equals; constraints check existence+text+scale+effect+unchanged_except but not caption start=0s.,,,dev,context/compound,feasible/context/compound/dev/NLEB-CX-CO-001.yaml,
NLEB-CX-CO-006,time_mention_without_time_constraint;caption_or_title_time_coverage_candidate,"Create a new caption track for lower thirds. / Add a caption 'Interview: John Doe' on that track at 10s, then set its font size to 36.","[required] entity_exists({""entity"": ""$new_track_1""}) 
[required] entity_exists({""entity"": ""$new_caption_1""}) 
[required] attribute_equals({""entity"": ""$new_caption_1"", ""field"": ""text"", ""value"": ""Interview: John Doe""}) 
[required] attribute_equals({""entity"": ""$new_caption_1"", ""field"": ""caption.style.font_size"", ""value"": 36})","V1: video_clip_1(0-5s), video_clip_2(5-15s), video_clip_3(15-20s), caption_1(2-5s) | A1: audio_clip_1(0-5s), audio_clip_2(5-15s), audio_clip_3(15-20s) | A2 (BGM): audio_clip_4(0-20s)",CONFIRMED_GAP,caption ... on that track at 10s' normative; existence+text+font_size checked but no position_equals for 10s start.,,,dev,context/compound,feasible/context/compound/dev/NLEB-CX-CO-006.yaml,
NLEB-CX-CO-018,time_mention_without_time_constraint;caption_or_title_time_coverage_candidate,"Add a credits caption 'Directed by Jane' at 25s, and put a brightness effect on the outro clip.","[required] entity_exists({""entity"": ""$new_caption_1""}) 
[required] attribute_equals({""entity"": ""$new_caption_1"", ""field"": ""text"", ""value"": ""Directed by Jane""}) 
[required] has_effect({""entity"": ""video_clip_3"", ""effect_type"": ""brightness""})","V1: video_clip_1(0-5s), video_clip_2(5-15s), video_clip_3(15-20s), caption_1(2-5s) | A1: audio_clip_1(0-5s), audio_clip_2(5-15s), audio_clip_3(15-20s) | A2 (BGM): audio_clip_4(0-20s)",CONFIRMED_GAP,"credits caption Directed by Jane at 25s' normative; existence+text checked, no position_equals for 25s. Brightness effect covered.",,,test,context/compound,feasible/context/compound/test/NLEB-CX-CO-018.yaml,
NLEB-CX-CO-034,time_mention_without_time_constraint;caption_or_title_time_coverage_candidate,"Create a new timeline for the rough cut version. / On the first timeline, slow the intro to 0.9x and add a watermark caption 'DRAFT' at 0s.","[required] entity_exists({""entity"": ""$new_sequence_1""}) 
[required] attribute_equals({""entity"": ""vc_1"", ""field"": ""speed"", ""value"": 0.9}) 
[required] entity_exists({""entity"": ""$new_caption_1""}) 
[required] attribute_equals({""entity"": ""$new_caption_1"", ""field"": ""text"", ""value"": ""DRAFT""})","V1: vc_1(0-10s), vc_2(10-25s), vc_3(25-40s) | A1: ac_1(0-10s), ac_2(10-25s), ac_3(25-40s) | Caption Track 1: cc_1(1-4s), cc_2(5-9s), cc_3(12-18s), cc_4(30-35s) | V1: vc_4(0-25s), vc_5(25-40s) | A1: ac_4(0-25s), ac_5(25-40s) | V1: vc_6(0-15s), vc_7(15-25s) | A1: ac_6(0-15s), ac_7(15-25s)",CONFIRMED_GAP,"watermark caption DRAFT at 0s' normative, checkable via position_equals; existence+text+speed checked but not caption start=0s.",,,test,context/compound,feasible/context/compound/test/NLEB-CX-CO-034.yaml,
NLEB-CX-CO-035,time_mention_without_time_constraint;caption_or_title_time_coverage_candidate,The old title caption is outdated — remove the first one. / Add a fresh title 'Season 2 Premiere' at 0s. / And boost the hero shot's scale to 1.1 for a more cinematic feel.,"[required] entity_not_exists({""entity"": ""caption_1""}) 
[required] entity_exists({""entity"": ""$new_caption_1""}) 
[required] attribute_equals({""entity"": ""$new_caption_1"", ""field"": ""text"", ""value"": ""Season 2 Premiere""}) 
[required] attribute_equals({""entity"": ""video_clip_3"", ""field"": ""transform.scale_x"", ""value"": 1.1})","V1: video_clip_1(0-8s), caption_1(0.5-3s), video_clip_2(8-18s), caption_2(9-12s), video_clip_3(18-30s) | V2 (B-Roll): video_clip_4(4-10s), video_clip_5(20-25s) | A1: audio_clip_1(0-8s), audio_clip_2(8-18s), audio_clip_3(18-30s) | A2 (Music): audio_clip_4(0-30s)",CONFIRMED_GAP,"add a fresh title ... at 0s' normative; existence+text checked, no position_equals for 0s. ('remove the first one' referential, covered by entity_not_exists(caption_1).)",,,test,context/compound,feasible/context/compound/test/NLEB-CX-CO-035.yaml,
NLEB-CX-CO-038,time_mention_without_time_constraint;caption_or_title_time_coverage_candidate,The contrast effect on the hero shot is too intense — tone it down to 0.4 intensity. / Remove the later B-roll overlay entirely. / Add a subtitle 'Key Moment' at 15s.,"[required] attribute_equals({""entity"": ""$existing_effect_1"", ""field"": ""params.intensity"", ""value"": 0.4}) 
[required] entity_not_exists({""entity"": ""video_clip_5""}) 
[required] entity_exists({""entity"": ""$new_caption_1""}) 
[required] attribute_equals({""entity"": ""$new_caption_1"", ""field"": ""text"", ""value"": ""Key Moment""})","V1: video_clip_1(0-8s), caption_1(0.5-3s), video_clip_2(8-18s), caption_2(9-12s), video_clip_3(18-30s) | V2 (B-Roll): video_clip_4(4-10s), video_clip_5(20-25s) | A1: audio_clip_1(0-8s), audio_clip_2(8-18s), audio_clip_3(18-30s) | A2 (Music): audio_clip_4(0-30s)",CONFIRMED_GAP,"subtitle Key Moment at 15s' normative; existence+text checked, no position_equals for 15s. Intensity 0.4 and removal covered.",,,test,context/compound,feasible/context/compound/test/NLEB-CX-CO-038.yaml,
NLEB-CX-CU-002,time_mention_without_time_constraint;caption_or_title_time_coverage_candidate,Add a title card caption 'Welcome' at 0s for the opening. / Set that caption's font size to 48. Keep it in place.,"[required] entity_exists({""entity"": ""$new_caption_1""}) 
[required] attribute_equals({""entity"": ""$new_caption_1"", ""field"": ""text"", ""value"": ""Welcome""}) 
[required] attribute_equals({""entity"": ""$new_caption_1"", ""field"": ""caption.style.font_size"", ""value"": 48}) 
[required] unchanged_except({""changed"": [""$new_caption_1""]})","V1: video_clip_1(0-5s), video_clip_2(5-15s), video_clip_3(15-20s), caption_1(2-5s) | A1: audio_clip_1(0-5s), audio_clip_2(5-15s), audio_clip_3(15-20s) | A2 (BGM): audio_clip_4(0-20s)",CONFIRMED_GAP,title card caption Welcome at 0s' normative; existence+text+font_size+unchanged_except present but no position_equals for 0s ('keep it in place' also not position-checked).,,,dev,context/cumulative,feasible/context/cumulative/dev/NLEB-CX-CU-002.yaml,
NLEB-CX-CU-008,time_mention_without_time_constraint;caption_or_title_time_coverage_candidate,Create a new caption track for subtitles. / Add a subtitle 'Scene 1' on it at 3s. / Change the subtitle's color to yellow. Preserve the track and text.,"[required] entity_exists({""entity"": ""$new_track_1""}) 
[required] entity_exists({""entity"": ""$new_caption_1""}) 
[required] attribute_equals({""entity"": ""$new_caption_1"", ""field"": ""text"", ""value"": ""Scene 1""}) 
[required] attribute_equals({""entity"": ""$new_caption_1"", ""field"": ""caption.style.font_color"", ""value"": ""#FFFF00""}) 
[required] unchanged_except({""changed"": [""$new_track_1"", ""$new_caption_1""]})","V1: video_clip_1(0-5s), video_clip_2(5-15s), video_clip_3(15-20s), caption_1(2-5s) | A1: audio_clip_1(0-5s), audio_clip_2(5-15s), audio_clip_3(15-20s) | A2 (BGM): audio_clip_4(0-20s)",CONFIRMED_GAP,subtitle Scene 1 on it at 3s' normative; existence+text+color+unchanged_except checked but no position_equals for 3s start.,,,dev,context/cumulative,feasible/context/cumulative/dev/NLEB-CX-CU-008.yaml,
NLEB-CX-CU-013,time_mention_without_time_constraint;caption_or_title_time_coverage_candidate,Add a 'Credits' caption at 25s. / Slow the outro to 0.8x. Keep the caption.,"[required] entity_exists({""entity"": ""$new_caption_1""}) 
[required] attribute_equals({""entity"": ""$new_caption_1"", ""field"": ""text"", ""value"": ""Credits""}) 
[required] attribute_equals({""entity"": ""video_clip_3"", ""field"": ""speed"", ""value"": 0.8}) 
[required] unchanged_except({""changed"": [""$new_caption_1"", ""video_clip_3""]})","V1: video_clip_1(0-5s), video_clip_2(5-15s), video_clip_3(15-20s), caption_1(2-5s) | A1: audio_clip_1(0-5s), audio_clip_2(5-15s), audio_clip_3(15-20s) | A2 (BGM): audio_clip_4(0-20s)",CONFIRMED_GAP,"Credits caption at 25s': normative placement; constraints check existence+text only, no position_equals(start=25s). Gap.",,,test,context/cumulative,feasible/context/cumulative/test/NLEB-CX-CU-013.yaml,
NLEB-CX-CU-017,time_mention_without_time_constraint;caption_or_title_time_coverage_candidate,Remove the outdated first caption. / Add a fresh title 'Season Finale' at 0s.,"[required] entity_not_exists({""entity"": ""caption_1""}) 
[required] entity_exists({""entity"": ""$new_caption_1""}) 
[required] attribute_equals({""entity"": ""$new_caption_1"", ""field"": ""text"", ""value"": ""Season Finale""})","V1: video_clip_1(0-8s), caption_1(0.5-3s), video_clip_2(8-18s), caption_2(9-12s), video_clip_3(18-30s) | V2 (B-Roll): video_clip_4(4-10s), video_clip_5(20-25s) | A1: audio_clip_1(0-8s), audio_clip_2(8-18s), audio_clip_3(18-30s) | A2 (Music): audio_clip_4(0-30s)",CONFIRMED_GAP,"title Season Finale at 0s': existence+text checked, no position_equals(start=0s) on $new_caption_1. Gap.",,,test,context/cumulative,feasible/context/cumulative/test/NLEB-CX-CU-017.yaml,
NLEB-CX-CU-033,time_mention_without_time_constraint;caption_or_title_time_coverage_candidate,Earlier B-roll: opacity 0.7. / Later B-roll: opacity 0.55. Keep earlier change. / Add a subtitle 'Overlay scene' at 10s. Preserve all.,"[required] attribute_equals({""entity"": ""video_clip_4"", ""field"": ""transform.opacity"", ""value"": 0.7}) 
[required] attribute_equals({""entity"": ""video_clip_5"", ""field"": ""transform.opacity"", ""value"": 0.55}) 
[required] entity_exists({""entity"": ""$new_caption_1""}) 
[required] attribute_equals({""entity"": ""$new_caption_1"", ""field"": ""text"", ""value"": ""Overlay scene""}) 
[required] unchanged_except({""changed"": [""video_clip_4"", ""video_clip_5"", ""$new_caption_1""]})","V1: video_clip_1(0-8s), caption_1(0.5-3s), video_clip_2(8-18s), caption_2(9-12s), video_clip_3(18-30s) | V2 (B-Roll): video_clip_4(4-10s), video_clip_5(20-25s) | A1: audio_clip_1(0-8s), audio_clip_2(8-18s), audio_clip_3(18-30s) | A2 (Music): audio_clip_4(0-30s)",CONFIRMED_GAP,"subtitle Overlay scene at 10s': existence+text checked, no position_equals(start=10s). Gap.",,,test,context/cumulative,feasible/context/cumulative/test/NLEB-CX-CU-033.yaml,
NLEB-CX-CU-036,time_mention_without_time_constraint;caption_or_title_time_coverage_candidate,Opening V1: scale 1.05. / Opening V1: brightness effect. Keep scale. / Add a wipe transition between the opening and bridge. Preserve all. / Add a chapter title 'Introduction' at 0s. Keep everything.,"[required] attribute_equals({""entity"": ""video_clip_1"", ""field"": ""transform.scale_x"", ""value"": 1.05}) 
[required] has_effect({""entity"": ""video_clip_1"", ""effect_type"": ""brightness""}) 
[required] entity_exists({""entity"": ""$new_transition_1""}) 
[required] entity_exists({""entity"": ""$new_caption_1""}) 
[required] unchanged_except({""changed"": [""video_clip_1"", ""$new_transition_1"", ""$new_caption_1""]})","V1: video_clip_1(0-8s), caption_1(0.5-3s), video_clip_2(8-18s), caption_2(9-12s), video_clip_3(18-30s) | V2 (B-Roll): video_clip_4(4-10s), video_clip_5(20-25s) | A1: audio_clip_1(0-8s), audio_clip_2(8-18s), audio_clip_3(18-30s) | A2 (Music): audio_clip_4(0-30s)",CONFIRMED_GAP,chapter title Introduction at 0s': only entity_exists($new_caption_1); no position_equals(0s) (text also unchecked). Gap.,,,test,context/cumulative,feasible/context/cumulative/test/NLEB-CX-CU-036.yaml,
NLEB-CX-DE-004,time_mention_without_time_constraint;caption_or_title_time_coverage_candidate,The opening section needs a title card. Add a caption 'Welcome' at 0s. / Make the title bigger — set its font size to 48.,"[required] entity_exists({""entity"": ""$new_caption_1""}) 
[required] attribute_equals({""entity"": ""$new_caption_1"", ""field"": ""text"", ""value"": ""Welcome""}) 
[required] attribute_equals({""entity"": ""$new_caption_1"", ""field"": ""caption.style.font_size"", ""value"": 48})","V1: video_clip_1(0-5s), video_clip_2(5-15s), video_clip_3(15-20s), caption_1(2-5s) | A1: audio_clip_1(0-5s), audio_clip_2(5-15s), audio_clip_3(15-20s) | A2 (BGM): audio_clip_4(0-20s)",CONFIRMED_GAP,"caption Welcome at 0s': text+font_size checked, no position_equals(start=0s) on $new_caption_1. Gap.",,,dev,context/dependent,feasible/context/dependent/dev/NLEB-CX-DE-004.yaml,
NLEB-CX-DE-013,time_mention_without_time_constraint;caption_or_title_time_coverage_candidate,The closing section needs credits — add a caption 'Produced by Studio X' at 25s. / Change its color to white.,"[required] entity_exists({""entity"": ""$new_caption_1""}) 
[required] attribute_equals({""entity"": ""$new_caption_1"", ""field"": ""text"", ""value"": ""Produced by Studio X""}) 
[required] attribute_equals({""entity"": ""$new_caption_1"", ""field"": ""caption.style.font_color"", ""value"": ""#FFFFFF""})","V1: video_clip_1(0-8s), caption_1(0.5-3s), video_clip_2(8-18s), caption_2(9-12s), video_clip_3(18-30s) | V2 (B-Roll): video_clip_4(4-10s), video_clip_5(20-25s) | A1: audio_clip_1(0-8s), audio_clip_2(8-18s), audio_clip_3(18-30s) | A2 (Music): audio_clip_4(0-30s)",CONFIRMED_GAP,"caption Produced by Studio X at 25s': text+color checked, no position_equals(start=25s). Gap.",,,test,context/dependent,feasible/context/dependent/test/NLEB-CX-DE-013.yaml,
NLEB-CX-DE-017,time_mention_without_time_constraint;caption_or_title_time_coverage_candidate,"Create a new caption track for lower thirds, and add a subtitle 'Interview: John' on it at 10s.","[required] entity_exists({""entity"": ""$new_track_1""}) 
[required] entity_exists({""entity"": ""$new_caption_1""}) 
[required] attribute_equals({""entity"": ""$new_caption_1"", ""field"": ""text"", ""value"": ""Interview: John""})","V1: video_clip_1(0-8s), caption_1(0.5-3s), video_clip_2(8-18s), caption_2(9-12s), video_clip_3(18-30s) | V2 (B-Roll): video_clip_4(4-10s), video_clip_5(20-25s) | A1: audio_clip_1(0-8s), audio_clip_2(8-18s), audio_clip_3(18-30s) | A2 (Music): audio_clip_4(0-30s)",CONFIRMED_GAP,"subtitle Interview: John on it at 10s': track/caption existence+text checked, no position_equals(start=10s). Gap.",,,test,context/dependent,feasible/context/dependent/test/NLEB-CX-DE-017.yaml,
NLEB-CX-DE-027,time_mention_without_time_constraint;caption_or_title_time_coverage_candidate,The title card text is wrong — remove the first caption. / Add a new caption 'Episode 3: Arrival' at 0s to replace it.,"[required] entity_not_exists({""entity"": ""caption_1""}) 
[required] entity_exists({""entity"": ""$new_caption_1""}) 
[required] attribute_equals({""entity"": ""$new_caption_1"", ""field"": ""text"", ""value"": ""Episode 3: Arrival""})","V1: video_clip_1(0-8s), caption_1(0.5-3s), video_clip_2(8-18s), caption_2(9-12s), video_clip_3(18-30s) | V2 (B-Roll): video_clip_4(4-10s), video_clip_5(20-25s) | A1: audio_clip_1(0-8s), audio_clip_2(8-18s), audio_clip_3(18-30s) | A2 (Music): audio_clip_4(0-30s)",CONFIRMED_GAP,"new caption Episode 3: Arrival at 0s': existence+text checked, no position_equals(start=0s). Gap.",,,test,context/dependent,feasible/context/dependent/test/NLEB-CX-DE-027.yaml,
NLEB-EX-AT-005,time_mention_without_time_constraint;caption_or_title_time_coverage_candidate,Add a caption with text 'Hello World' at 00:00:05:00.,"[required] entity_count_changed({""type"": ""caption"", ""direction"": ""increase""}) 
[required] entity_exists({""entity"": ""$new_caption_1""}) 
[required] attribute_equals({""entity"": ""$new_caption_1"", ""field"": ""text"", ""value"": ""Hello World""})","V1: video_clip_1(0-5s), video_clip_2(5-15s), video_clip_3(15-20s), caption_1(2-5s) | A1: audio_clip_1(0-5s), audio_clip_2(5-15s), audio_clip_3(15-20s) | A2 (BGM): audio_clip_4(0-20s)",CONFIRMED_GAP,caption ... at 00:00:05:00' normative; constraints check count/exists/text only — caption start time never checked. position_equals available.,,,dev,explicit/atomic,feasible/explicit/atomic/dev/NLEB-EX-AT-005.yaml,
NLEB-EX-AT-036,time_mention_without_time_constraint;caption_or_title_time_coverage_candidate,Unlink video_clip_2 from its linked audio. / Add a caption 'Chapter 2' at 00:00:06:00.,"[required] not_linked({""entity"": ""video_clip_2""}) 
[required] entity_count_changed({""type"": ""caption"", ""direction"": ""increase""}) 
[required] entity_exists({""entity"": ""$new_caption_1""}) 
[required] attribute_equals({""entity"": ""$new_caption_1"", ""field"": ""text"", ""value"": ""Chapter 2""})","V1: video_clip_1(0-5s), video_clip_2(5-15s), video_clip_3(15-20s), caption_1(2-5s) | A1: audio_clip_1(0-5s), audio_clip_2(5-15s), audio_clip_3(15-20s) | A2 (BGM): audio_clip_4(0-20s)",CONFIRMED_GAP,"caption Chapter 2 at 00:00:06:00' normative; not_linked + count/exists/text checked, but caption start time unchecked. position_equals available.",,,test,explicit/atomic,feasible/explicit/atomic/test/NLEB-EX-AT-036.yaml,
NLEB-EX-CO-002,time_mention_without_time_constraint;caption_or_title_time_coverage_candidate,"Add a caption with text 'Chapter 1' at position 0.0s on video_track_1, and add a fade-in effect to video_clip_2.","[required] entity_exists({""type"": ""caption"", ""where"": {""field"": ""text"", ""value"": ""Chapter 1""}}) 
[required] has_effect({""entity"": ""video_clip_2"", ""effect_type"": ""fade_in""}) 
[required] unchanged_except({""changed"": [""video_clip_2"", ""video_track_1""]})","V1: video_clip_1(0-5s), video_clip_2(5-15s), video_clip_3(15-20s), caption_1(2-5s) | A1: audio_clip_1(0-5s), audio_clip_2(5-15s), audio_clip_3(15-20s) | A2 (BGM): audio_clip_4(0-20s)",CONFIRMED_GAP,caption ... at position 0.0s on video_track_1' normative; entity_exists(where text='Chapter 1') checks text only — position 0.0s unchecked. position_equals available.,,,dev,explicit/compound,feasible/explicit/compound/dev/NLEB-EX-CO-002.yaml,
NLEB-EX-CO-012,time_mention_without_time_constraint;caption_or_title_time_coverage_candidate,Remove caption_1 and add a new caption with text 'Scene 2' at position 5.0s.,"[required] entity_not_exists({""entity"": ""caption_1""}) 
[required] entity_exists({""type"": ""caption"", ""where"": {""field"": ""text"", ""value"": ""Scene 2""}})","V1: video_clip_1(0-8s), caption_1(0.5-3s), video_clip_2(8-18s), caption_2(9-12s), video_clip_3(18-30s) | V2 (B-Roll): video_clip_4(4-10s), video_clip_5(20-25s) | A1: audio_clip_1(0-8s), audio_clip_2(8-18s), audio_clip_3(18-30s) | A2 (Music): audio_clip_4(0-30s)",CONFIRMED_GAP,new caption ... at position 5.0s' normative; entity_not_exists(caption_1) + entity_exists(text='Scene 2') — caption position unchecked. position_equals available.,,,test,explicit/compound,feasible/explicit/compound/test/NLEB-EX-CO-012.yaml,
NLEB-EX-CO-028,time_mention_without_time_constraint;caption_or_title_time_coverage_candidate,"Add a caption 'Title Card' at 0.0s, set video_clip_1 opacity to 0.8, and set video_clip_3 scale to 0.9.","[required] entity_exists({""type"": ""caption"", ""where"": {""field"": ""text"", ""value"": ""Title Card""}}) 
[required] attribute_equals({""entity"": ""video_clip_1"", ""field"": ""transform.opacity"", ""value"": 0.8}) 
[required] attribute_equals({""entity"": ""video_clip_3"", ""field"": ""transform.scale_x"", ""value"": 0.9}) 
[required] unchanged_except({""changed"": [""video_clip_1"", ""video_clip_3""]})","V1: video_clip_1(0-8s), caption_1(0.5-3s), video_clip_2(8-18s), caption_2(9-12s), video_clip_3(18-30s) | V2 (B-Roll): video_clip_4(4-10s), video_clip_5(20-25s) | A1: audio_clip_1(0-8s), audio_clip_2(8-18s), audio_clip_3(18-30s) | A2 (Music): audio_clip_4(0-30s)",CONFIRMED_GAP,caption Title Card at 0.0s' normative; entity_exists checks text only — caption timing unchecked (opacity/scale covered). position_equals available.,,,test,explicit/compound,feasible/explicit/compound/test/NLEB-EX-CO-028.yaml,
NLEB-EX-CU-001,time_mention_without_time_constraint;caption_or_title_time_coverage_candidate,Add a caption 'Intro' at timeline 0s with duration 3 seconds. / Change the caption text to 'Introduction' and set font size to 32. Keep it at 0s.,"[required] entity_exists({""entity"": ""$new_caption_1""}) 
[required] attribute_equals({""entity"": ""$new_caption_1"", ""field"": ""text"", ""value"": ""Introduction""}) 
[required] attribute_equals({""entity"": ""$new_caption_1"", ""field"": ""caption.style.font_size"", ""value"": 32}) 
[required] duration_equals({""entity"": ""$new_caption_1"", ""value"": 3.0}) 
[required] unchanged_except({""changed"": [""$new_caption_1""]})","V1: video_clip_1(0-5s), video_clip_2(5-15s), video_clip_3(15-20s), caption_1(2-5s) | A1: audio_clip_1(0-5s), audio_clip_2(5-15s), audio_clip_3(15-20s) | A2 (BGM): audio_clip_4(0-20s)",CONFIRMED_GAP,"Duration 3s COVERED by duration_equals($new_caption_1,3.0); but 'at timeline 0s...Keep it at 0s' is doubly normative and no position_equals checks 0s. Time gap.",,,dev,explicit/cumulative,feasible/explicit/cumulative/dev/NLEB-EX-CU-001.yaml,
NLEB-EX-CU-010,time_mention_without_time_constraint;caption_or_title_time_coverage_candidate,Add a caption 'Breaking' at 5s with duration 3 seconds. / Set the caption's font size to 48 for emphasis. Keep the caption. / Slow video_clip_2 to 0.5x to match the dramatic moment. Preserve everything.,"[required] entity_exists({""entity"": ""$new_caption_1""}) 
[required] attribute_equals({""entity"": ""$new_caption_1"", ""field"": ""text"", ""value"": ""Breaking""}) 
[required] duration_equals({""entity"": ""$new_caption_1"", ""value"": 3.0}) 
[required] attribute_equals({""entity"": ""$new_caption_1"", ""field"": ""caption.style.font_size"", ""value"": 48}) 
[required] attribute_equals({""entity"": ""video_clip_2"", ""field"": ""speed"", ""value"": 0.5}) 
[required] unchanged_except({""changed"": [""$new_caption_1"", ""video_clip_2""]})","V1: video_clip_1(0-5s), video_clip_2(5-15s), video_clip_3(15-20s), caption_1(2-5s) | A1: audio_clip_1(0-5s), audio_clip_2(5-15s), audio_clip_3(15-20s) | A2 (BGM): audio_clip_4(0-20s)",CONFIRMED_GAP,Duration 3s COVERED by duration_equals; but 'at 5s' caption start has no position_equals. Time aspect unchecked -> gap.,,,dev,explicit/cumulative,feasible/explicit/cumulative/dev/NLEB-EX-CU-010.yaml,
NLEB-EX-CU-011,time_mention_without_time_constraint;caption_or_title_time_coverage_candidate,Add a caption 'Scene 1' at 0s. / Set its color to yellow. Keep the text.,"[required] entity_exists({""entity"": ""$new_caption_1""}) 
[required] attribute_equals({""entity"": ""$new_caption_1"", ""field"": ""text"", ""value"": ""Scene 1""}) 
[required] attribute_equals({""entity"": ""$new_caption_1"", ""field"": ""caption.style.font_color"", ""value"": ""#FFFF00""}) 
[required] unchanged_except({""changed"": [""$new_caption_1""]})","V1: video_clip_1(0-5s), video_clip_2(5-15s), video_clip_3(15-20s), caption_1(2-5s) | A1: audio_clip_1(0-5s), audio_clip_2(5-15s), audio_clip_3(15-20s) | A2 (BGM): audio_clip_4(0-20s)",CONFIRMED_GAP,"caption Scene 1 at 0s' normative; text/color checked, 0s position not (position_equals available). Gap.",,,test,explicit/cumulative,feasible/explicit/cumulative/test/NLEB-EX-CU-011.yaml,
NLEB-EX-CU-023,time_mention_without_time_constraint;caption_or_title_time_coverage_candidate,Add a caption 'Chapter 2' at 30s. / Set font size to 48 and color to white. / Apply a fade-in effect to the caption. Preserve all changes.,"[required] entity_exists({""entity"": ""$new_caption_1""}) 
[required] attribute_equals({""entity"": ""$new_caption_1"", ""field"": ""text"", ""value"": ""Chapter 2""}) 
[required] attribute_equals({""entity"": ""$new_caption_1"", ""field"": ""caption.style.font_size"", ""value"": 48}) 
[required] attribute_equals({""entity"": ""$new_caption_1"", ""field"": ""caption.style.font_color"", ""value"": ""#FFFFFF""}) 
[required] has_effect({""entity"": ""$new_caption_1"", ""effect_type"": ""fade_in""}) 
[required] unchanged_except({""changed"": [""$new_caption_1""]})","V1: video_clip_1(0-5s), video_clip_2(5-15s), video_clip_3(15-20s), caption_1(2-5s) | A1: audio_clip_1(0-5s), audio_clip_2(5-15s), audio_clip_3(15-20s) | A2 (BGM): audio_clip_4(0-20s)",CONFIRMED_GAP,caption Chapter 2 at 30s' normative; text/size/color/effect checked but 30s position not (position_equals available). Gap.,,,test,explicit/cumulative,feasible/explicit/cumulative/test/NLEB-EX-CU-023.yaml,
NLEB-EX-CU-036,time_mention_without_time_constraint;caption_or_title_time_coverage_candidate,Add a caption 'Act II' at 15s. / Apply a fade-in effect to the caption. Keep the caption. / Speed video_clip_2 to 1.5x. Preserve the caption and effect. / Add a cross-dissolve between video_clip_1 and video_clip_2. Preserve everything.,"[required] entity_exists({""entity"": ""$new_caption_1""}) 
[required] attribute_equals({""entity"": ""$new_caption_1"", ""field"": ""text"", ""value"": ""Act II""}) 
[required] has_effect({""entity"": ""$new_caption_1"", ""effect_type"": ""fade_in""}) 
[required] attribute_equals({""entity"": ""video_clip_2"", ""field"": ""speed"", ""value"": 1.5}) 
[required] entity_exists({""entity"": ""$new_transition_1""}) 
[required] unchanged_except({""changed"": [""$new_caption_1"", ""video_clip_2"", ""$new_transition_1""]})","V1: video_clip_1(0-5s), video_clip_2(5-15s), video_clip_3(15-20s), caption_1(2-5s) | A1: audio_clip_1(0-5s), audio_clip_2(5-15s), audio_clip_3(15-20s) | A2 (BGM): audio_clip_4(0-20s)",CONFIRMED_GAP,"caption Act II at 15s' normative; text/effect checked, 15s position not (position_equals available). Gap.",,,test,explicit/cumulative,feasible/explicit/cumulative/test/NLEB-EX-CU-036.yaml,
NLEB-EX-DE-005,time_mention_without_time_constraint;caption_or_title_time_coverage_candidate,Add a caption saying 'Chapter 1' at timeline 0s. / Change its font size to 48 and color to white.,"[required] entity_exists({""entity"": ""$new_caption_1""}) 
[required] attribute_equals({""entity"": ""$new_caption_1"", ""field"": ""text"", ""value"": ""Chapter 1""}) 
[required] attribute_equals({""entity"": ""$new_caption_1"", ""field"": ""caption.style.font_size"", ""value"": 48}) 
[required] attribute_equals({""entity"": ""$new_caption_1"", ""field"": ""caption.style.font_color"", ""value"": ""#FFFFFF""})","V1: video_clip_1(0-5s), video_clip_2(5-15s), video_clip_3(15-20s), caption_1(2-5s) | A1: audio_clip_1(0-5s), audio_clip_2(5-15s), audio_clip_3(15-20s) | A2 (BGM): audio_clip_4(0-20s)",CONFIRMED_GAP,"caption Chapter 1 at timeline 0s' normative; text/size/color checked, 0s position not (position_equals available). Gap.",,,dev,explicit/dependent,feasible/explicit/dependent/dev/NLEB-EX-DE-005.yaml,
NLEB-EX-DE-013,time_mention_without_time_constraint;caption_or_title_time_coverage_candidate,Add a caption 'Breaking News' at 10s and set its font size to 48 with a red color for emphasis.,"[required] entity_exists({""entity"": ""$new_caption_1""}) 
[required] attribute_equals({""entity"": ""$new_caption_1"", ""field"": ""text"", ""value"": ""Breaking News""}) 
[required] attribute_equals({""entity"": ""$new_caption_1"", ""field"": ""caption.style.font_size"", ""value"": 48}) 
[required] attribute_equals({""entity"": ""$new_caption_1"", ""field"": ""caption.style.font_color"", ""value"": ""#FF0000""})","V1: video_clip_1(0-5s), video_clip_2(5-15s), video_clip_3(15-20s), caption_1(2-5s) | A1: audio_clip_1(0-5s), audio_clip_2(5-15s), audio_clip_3(15-20s) | A2 (BGM): audio_clip_4(0-20s)",CONFIRMED_GAP,caption ... at 10s' normative; text/font_size/font_color checked via attribute_equals but caption start time unchecked; position_equals(10s) missing.,,,test,explicit/dependent,feasible/explicit/dependent/test/NLEB-EX-DE-013.yaml,
NLEB-EX-DE-015,time_mention_without_time_constraint;caption_or_title_time_coverage_candidate,Create a new caption track and place a subtitle 'Scene 2' on it at 5s.,"[required] entity_exists({""entity"": ""$new_track_1""}) 
[required] entity_exists({""entity"": ""$new_caption_1""}) 
[required] attribute_equals({""entity"": ""$new_caption_1"", ""field"": ""text"", ""value"": ""Scene 2""})","V1: video_clip_1(0-8s), caption_1(0.5-3s), video_clip_2(8-18s), caption_2(9-12s), video_clip_3(18-30s) | V2 (B-Roll): video_clip_4(4-10s), video_clip_5(20-25s) | A1: audio_clip_1(0-8s), audio_clip_2(8-18s), audio_clip_3(18-30s) | A2 (Music): audio_clip_4(0-30s)",CONFIRMED_GAP,"place a subtitle ... at 5s' normative; only entity_exists(track,caption)+text attribute_equals; no position_equals(5s) for caption timing.",,,test,explicit/dependent,feasible/explicit/dependent/test/NLEB-EX-DE-015.yaml,
NLEB-EX-DE-023,time_mention_without_time_constraint;caption_or_title_time_coverage_candidate,"Add a caption 'Interview' at 0s. / Set its font to bold, size 36, then apply a fade-in effect to it.","[required] entity_exists({""entity"": ""$new_caption_1""}) 
[required] attribute_equals({""entity"": ""$new_caption_1"", ""field"": ""text"", ""value"": ""Interview""}) 
[required] attribute_equals({""entity"": ""$new_caption_1"", ""field"": ""caption.style.font_size"", ""value"": 36}) 
[required] has_effect({""entity"": ""$new_caption_1"", ""effect_type"": ""fade_in""})","V1: video_clip_1(0-5s), video_clip_2(5-15s), video_clip_3(15-20s), caption_1(2-5s) | A1: audio_clip_1(0-5s), audio_clip_2(5-15s), audio_clip_3(15-20s) | A2 (BGM): audio_clip_4(0-20s)",CONFIRMED_GAP,caption Interview at 0s' normative; text/font_size/fade_in checked but caption start time unchecked; position_equals(0s) missing.,,,test,explicit/dependent,feasible/explicit/dependent/test/NLEB-EX-DE-023.yaml,
NLEB-EX-DE-039,time_mention_without_time_constraint;caption_or_title_time_coverage_candidate,Create a new video track. / Add a title card clip from av_media_1 on it at 0s. / Add a caption 'Episode 1' over the title card and link them.,"[required] entity_exists({""entity"": ""$new_track_1""}) 
[required] entity_exists({""entity"": ""$new_clip_1""}) 
[required] entity_exists({""entity"": ""$new_caption_1""}) 
[required] attribute_equals({""entity"": ""$new_caption_1"", ""field"": ""text"", ""value"": ""Episode 1""}) 
[required] has_link({""clip_ids"": [""$new_clip_1"", ""$new_caption_1""]})","V1: video_clip_1(0-8s), caption_1(0.5-3s), video_clip_2(8-18s), caption_2(9-12s), video_clip_3(18-30s) | V2 (B-Roll): video_clip_4(4-10s), video_clip_5(20-25s) | A1: audio_clip_1(0-8s), audio_clip_2(8-18s), audio_clip_3(18-30s) | A2 (Music): audio_clip_4(0-30s)",CONFIRMED_GAP,"Add a title card clip ... at 0s' normative; track/clip/caption existence, text, has_link checked but clip start time unchecked; position_equals(0s) missing.",,,test,explicit/dependent,feasible/explicit/dependent/test/NLEB-EX-DE-039.yaml,
NLEB-ST-AT-029,time_mention_without_time_constraint;caption_or_title_time_coverage_candidate,Add a caption 'Highlight' at the start time of the longest video clip. / Mute the background music audio clip.,"[required] entity_count_changed({""type"": ""caption"", ""direction"": ""increase""}) 
[required] entity_exists({""entity"": ""$new_caption_1""}) 
[required] attribute_equals({""entity"": ""$new_caption_1"", ""field"": ""text"", ""value"": ""Highlight""}) 
[required] attribute_equals({""entity"": ""audio_clip_4"", ""field"": ""audio.muted"", ""value"": true})","V1: video_clip_1(0-5s), video_clip_2(5-15s), video_clip_3(15-20s), caption_1(2-5s) | A1: audio_clip_1(0-5s), audio_clip_2(5-15s), audio_clip_3(15-20s) | A2 (BGM): audio_clip_4(0-20s)",CONFIRMED_GAP,"caption at the start time of the longest video clip' normative, fixture-derivable (vc2 starts at 5s); text/mute checked but no position_equals(5s) on $new_caption_1.",,,test,state/atomic,feasible/state/atomic/test/NLEB-ST-AT-029.yaml,
NLEB-EX-CO-006,time_mention_without_time_constraint;duration_mention_without_duration_constraint,Create a new video track called 'overlay_track' and add a clip from av_media_2 at position 0.0s with duration 3.0s on it.,"[required] entity_exists({""type"": ""track"", ""where"": {""field"": ""name"", ""value"": ""overlay_track""}}) 
[required] entity_count_changed({""type"": ""video_clip"", ""direction"": ""increase""})","V1: video_clip_1(0-5s), video_clip_2(5-15s), video_clip_3(15-20s), caption_1(2-5s) | A1: audio_clip_1(0-5s), audio_clip_2(5-15s), audio_clip_3(15-20s) | A2 (BGM): audio_clip_4(0-20s)",CONFIRMED_GAP,at position 0.0s with duration 3.0s' both normative; only track-name entity_exists + entity_count_changed — clip position and duration unchecked. position_equals/duration_equals available.,,,dev,explicit/compound,feasible/explicit/compound/dev/NLEB-EX-CO-006.yaml,
NLEB-EX-CO-015,time_mention_without_time_constraint;duration_mention_without_duration_constraint,Remove video_clip_2 and add a new clip from av_media_3 at position 2.0s with duration 4.0s on video_track_1.,"[required] entity_not_exists({""entity"": ""video_clip_2""}) 
[required] entity_count({""type"": ""video_clip"", ""expected"": 3})","V1: video_clip_1(0-5s), video_clip_2(5-15s), video_clip_3(15-20s), caption_1(2-5s) | A1: audio_clip_1(0-5s), audio_clip_2(5-15s), audio_clip_3(15-20s) | A2 (BGM): audio_clip_4(0-20s)",CONFIRMED_GAP,at position 2.0s with duration 4.0s' both normative; only entity_not_exists + entity_count — new clip position and duration unchecked. position_equals/duration_equals available.,,,test,explicit/compound,feasible/explicit/compound/test/NLEB-EX-CO-015.yaml,
NLEB-EX-CO-023,time_mention_without_time_constraint;duration_mention_without_duration_constraint,"Add a new audio track called 'sfx_track', add a clip from av_media_2 at 1.0s with duration 2.0s on it, and add a fade-in effect to that new clip.","[required] entity_exists({""type"": ""track"", ""where"": {""field"": ""name"", ""value"": ""sfx_track""}}) 
[required] entity_count_changed({""type"": ""audio_clip"", ""direction"": ""increase""}) 
[required] has_effect({""entity"": ""$new_clip_1"", ""effect_type"": ""fade_in""})","V1: video_clip_1(0-5s), video_clip_2(5-15s), video_clip_3(15-20s), caption_1(2-5s) | A1: audio_clip_1(0-5s), audio_clip_2(5-15s), audio_clip_3(15-20s) | A2 (BGM): audio_clip_4(0-20s)",CONFIRMED_GAP,"at 1.0s with duration 2.0s' both normative; track name, count, and fade-in checked — new clip position and duration unchecked. position_equals/duration_equals available.",,,test,explicit/compound,feasible/explicit/compound/test/NLEB-EX-CO-023.yaml,
NLEB-EX-CO-025,time_mention_without_time_constraint;duration_mention_without_duration_constraint,"Remove video_clip_2 and video_clip_4, then add a new clip from av_media_1 at position 3.0s with duration 5.0s on video_track_1.","[required] entity_not_exists({""entity"": ""video_clip_2""}) 
[required] entity_not_exists({""entity"": ""video_clip_4""}) 
[required] entity_count_changed({""type"": ""video_clip"", ""direction"": ""decrease""})","V1: video_clip_1(0-8s), caption_1(0.5-3s), video_clip_2(8-18s), caption_2(9-12s), video_clip_3(18-30s) | V2 (B-Roll): video_clip_4(4-10s), video_clip_5(20-25s) | A1: audio_clip_1(0-8s), audio_clip_2(8-18s), audio_clip_3(18-30s) | A2 (Music): audio_clip_4(0-30s)",CONFIRMED_GAP,at position 3.0s with duration 5.0s' both normative; only entity_not_exists x2 + count decrease — new clip position and duration unchecked (no check the new clip exists at all).,,,test,explicit/compound,feasible/explicit/compound/test/NLEB-EX-CO-025.yaml,
NLEB-EX-CO-029,time_mention_without_time_constraint;duration_mention_without_duration_constraint,"Import 'overlay.png' as new media, add a clip from it at 1.0s with duration 2.0s on video_track_1, and add a fade-out effect to the new clip.","[required] entity_exists({""type"": ""media"", ""where"": {""field"": ""name"", ""value"": ""overlay.png""}}) 
[required] entity_count_changed({""type"": ""video_clip"", ""direction"": ""increase""}) 
[required] has_effect({""entity"": ""$new_clip_1"", ""effect_type"": ""fade_out""})","V1: video_clip_1(0-5s), video_clip_2(5-15s), video_clip_3(15-20s), caption_1(2-5s) | A1: audio_clip_1(0-5s), audio_clip_2(5-15s), audio_clip_3(15-20s) | A2 (BGM): audio_clip_4(0-20s)",CONFIRMED_GAP,"at 1.0s with duration 2.0s' normative; no position_equals/duration_equals on $new_clip_1 (only entity_count_changed + has_effect). Checkable, unchecked.",,,test,explicit/compound,feasible/explicit/compound/test/NLEB-EX-CO-029.yaml,
NLEB-EX-CO-030,time_mention_without_time_constraint;duration_mention_without_duration_constraint,"Remove audio_track_2, create a new audio track called 'voiceover', and add a clip from av_media_1 at 0.0s with duration 10.0s on it.","[required] entity_not_exists({""entity"": ""audio_track_2""}) 
[required] entity_exists({""type"": ""track"", ""where"": {""field"": ""name"", ""value"": ""voiceover""}}) 
[required] entity_count_changed({""type"": ""audio_clip"", ""direction"": ""any""})","V1: video_clip_1(0-8s), caption_1(0.5-3s), video_clip_2(8-18s), caption_2(9-12s), video_clip_3(18-30s) | V2 (B-Roll): video_clip_4(4-10s), video_clip_5(20-25s) | A1: audio_clip_1(0-8s), audio_clip_2(8-18s), audio_clip_3(18-30s) | A2 (Music): audio_clip_4(0-30s)",CONFIRMED_GAP,"at 0.0s with duration 10.0s' normative; only entity_count_changed(audio_clip, any) — no position_equals/duration_equals on new clip. Both gaps.",,,test,explicit/compound,feasible/explicit/compound/test/NLEB-EX-CO-030.yaml,
NLEB-EX-CO-037,time_mention_without_time_constraint;duration_mention_without_duration_constraint,Unlink video_clip_2 from audio_clip_2. Remove video_clip_2. Remove audio_clip_2. Add a new video clip from av_media_1 at 2.0s with duration 3.0s on video_track_1. Link the new clip with audio_clip_4.,"[required] entity_not_exists({""entity"": ""video_clip_2""}) 
[required] entity_not_exists({""entity"": ""audio_clip_2""}) 
[required] entity_count_changed({""type"": ""video_clip"", ""direction"": ""any""}) 
[required] has_link({""clip_ids"": [""$new_clip_1"", ""audio_clip_4""]})","V1: video_clip_1(0-8s), caption_1(0.5-3s), video_clip_2(8-18s), caption_2(9-12s), video_clip_3(18-30s) | V2 (B-Roll): video_clip_4(4-10s), video_clip_5(20-25s) | A1: audio_clip_1(0-8s), audio_clip_2(8-18s), audio_clip_3(18-30s) | A2 (Music): audio_clip_4(0-30s)",CONFIRMED_GAP,at 2.0s with duration 3.0s on video_track_1' normative; only entity_count_changed(any) + has_link on new clip — no position_equals/duration_equals. Both gaps.,,,test,explicit/compound,feasible/explicit/compound/test/NLEB-EX-CO-037.yaml,
NLEB-EX-CO-038,time_mention_without_time_constraint;duration_mention_without_duration_constraint,"Create a bin called 'Assets', import 'interview.mp4', add a clip from it at 5.0s with duration 8.0s on video_track_1, add a brightness effect to the clip, set the clip's scale to 0.9, and add a caption 'Interview' at 5.0s.","[required] entity_exists({""type"": ""bin"", ""where"": {""field"": ""name"", ""value"": ""Assets""}}) 
[required] entity_exists({""type"": ""media"", ""where"": {""field"": ""name"", ""value"": ""interview.mp4""}}) 
[required] entity_count_changed({""type"": ""video_clip"", ""direction"": ""increase""}) 
[required] has_effect({""entity"": ""$new_clip_1"", ""effect_type"": ""brightness""}) 
[required] attribute_equals({""entity"": ""$new_clip_1"", ""field"": ""transform.scale_x"", ""value"": 0.9}) 
[required] entity_exists({""type"": ""caption"", ""where"": {""field"": ""text"", ""value"": ""Interview""}})","V1: video_clip_1(0-5s), video_clip_2(5-15s), video_clip_3(15-20s), caption_1(2-5s) | A1: audio_clip_1(0-5s), audio_clip_2(5-15s), audio_clip_3(15-20s) | A2 (BGM): audio_clip_4(0-20s)",CONFIRMED_GAP,at 5.0s with duration 8.0s' clip and 'caption Interview at 5.0s': no position_equals/duration_equals on $new_clip_1; caption checked by text only. Unchecked.,,,test,explicit/compound,feasible/explicit/compound/test/NLEB-EX-CO-038.yaml,
NLEB-EX-CO-040,time_mention_without_time_constraint;duration_mention_without_duration_constraint,"Create a video track 'composite', add a clip from bin_media at 0.0s for 3.0s, and add another clip from bin_media at 3.0s for 4.0s on it. / Link the first new clip with ac_1, add a cross-dissolve transition between the two new clips with duration 0.5s, and add a blur effect to the second new clip.","[required] entity_exists({""type"": ""track"", ""where"": {""field"": ""name"", ""value"": ""composite""}}) 
[required] entity_count_changed({""type"": ""video_clip"", ""direction"": ""increase""}) 
[required] has_link({""clip_ids"": [""$new_clip_1"", ""ac_1""]}) 
[required] has_transition({""between"": [""$new_clip_1"", ""$new_clip_2""], ""type"": ""cross_dissolve""}) 
[required] has_effect({""entity"": ""$new_clip_2"", ""effect_type"": ""blur""})","V1: vc_1(0-10s), vc_2(10-25s), vc_3(25-40s) | A1: ac_1(0-10s), ac_2(10-25s), ac_3(25-40s) | Caption Track 1: cc_1(1-4s), cc_2(5-9s), cc_3(12-18s), cc_4(30-35s) | V1: vc_4(0-25s), vc_5(25-40s) | A1: ac_4(0-25s), ac_5(25-40s) | V1: vc_6(0-15s), vc_7(15-25s) | A1: ac_6(0-15s), ac_7(15-25s)",CONFIRMED_GAP,at 0.0s for 3.0s' / 'at 3.0s for 4.0s' clips + transition 'duration 0.5s': no position_equals/duration_equals anywhere; transition duration unchecked.,,,test,explicit/compound,feasible/explicit/compound/test/NLEB-EX-CO-040.yaml,
NLEB-ST-AT-035,time_mention_without_time_constraint;duration_mention_without_duration_constraint,Remove the transition nearest the end of the timeline. / Add a 2-second black clip after the last video clip on V1. / Lower the second audio clip's volume by 3 dB.,"[required] entity_count_changed({""type"": ""transition"", ""direction"": ""decrease""}) 
[required] entity_count_changed({""type"": ""video_clip"", ""direction"": ""increase""}) 
[required] attribute_changed({""entity"": ""ac_2"", ""field"": ""audio.volume"", ""direction"": ""decrease""})","V1: vc_1(0-5s), vc_2(5-10s) | A1: ac_1(0-5s), ac_2(5-10s)",CONFIRMED_GAP,2-second black clip after the last video clip on V1' normative; only entity_count_changed(increase); duration_equals(2s) and position/order check both missing.,,,test,state/atomic,feasible/state/atomic/test/NLEB-ST-AT-035.yaml,
NLEB-EX-AT-023,time_mention_without_time_constraint;duration_mention_without_duration_constraint;caption_or_title_time_coverage_candidate,Add a caption 'Scene 2' at 00:00:08:00 with duration 3 seconds.,"[required] entity_count_changed({""type"": ""caption"", ""direction"": ""increase""}) 
[required] entity_exists({""entity"": ""$new_caption_1""}) 
[required] attribute_equals({""entity"": ""$new_caption_1"", ""field"": ""text"", ""value"": ""Scene 2""})","V1: video_clip_1(0-8s), caption_1(0.5-3s), video_clip_2(8-18s), caption_2(9-12s), video_clip_3(18-30s) | V2 (B-Roll): video_clip_4(4-10s), video_clip_5(20-25s) | A1: audio_clip_1(0-8s), audio_clip_2(8-18s), audio_clip_3(18-30s) | A2 (Music): audio_clip_4(0-30s)",CONFIRMED_GAP,at 00:00:08:00 with duration 3 seconds' both normative; constraints check count/exists/text only — neither caption start nor duration checked. position_equals + duration_equals available.,,,test,explicit/atomic,feasible/explicit/atomic/test/NLEB-EX-AT-023.yaml,
NLEB-EX-CO-036,time_mention_without_time_constraint;duration_mention_without_duration_constraint;caption_or_title_time_coverage_candidate,Import 'title_bg.mp4' as media. Create a new video track called 'title_track'. Add a clip from the imported media at 0.0s with duration 5.0s. Add a caption 'Welcome' at 0.5s. Add a fade-in effect to the new clip.,"[required] entity_exists({""type"": ""media"", ""where"": {""field"": ""name"", ""value"": ""title_bg.mp4""}}) 
[required] entity_exists({""type"": ""track"", ""where"": {""field"": ""name"", ""value"": ""title_track""}}) 
[required] entity_count_changed({""type"": ""video_clip"", ""direction"": ""increase""}) 
[required] entity_exists({""type"": ""caption"", ""where"": {""field"": ""text"", ""value"": ""Welcome""}}) 
[required] has_effect({""entity"": ""$new_clip_1"", ""effect_type"": ""fade_in""})","V1: video_clip_1(0-5s), video_clip_2(5-15s), video_clip_3(15-20s), caption_1(2-5s) | A1: audio_clip_1(0-5s), audio_clip_2(5-15s), audio_clip_3(15-20s) | A2 (BGM): audio_clip_4(0-20s)",CONFIRMED_GAP,"clip at 0.0s duration 5.0s' + 'caption Welcome at 0.5s': no position_equals/duration_equals on clip; caption checked by text only, not 0.5s position. Three unchecked aspects.",,,test,explicit/compound,feasible/explicit/compound/test/NLEB-EX-CO-036.yaml,
NLEB-EX-CO-039,time_mention_without_time_constraint;duration_mention_without_duration_constraint;caption_or_title_time_coverage_candidate,"Remove the transition between vc_1 and vc_2 and add a wipe transition with duration 1.5s between them. / Set vc_2 rotation to 12 degrees, add a contrast effect to vc_1, and add a caption 'Opening' at 0s.","[required] has_transition({""between"": [""vc_1"", ""vc_2""], ""type"": ""wipe""}) 
[required] attribute_equals({""entity"": ""vc_2"", ""field"": ""transform.rotation"", ""value"": 12.0}) 
[required] has_effect({""entity"": ""vc_1"", ""effect_type"": ""contrast""}) 
[required] entity_exists({""entity"": ""$new_caption_1""}) 
[required] attribute_equals({""entity"": ""$new_caption_1"", ""field"": ""text"", ""value"": ""Opening""}) 
[required] unchanged_except({""changed"": [""vc_1"", ""vc_2"", ""$new_caption_1""]})","V1: vc_1(0-5s), vc_2(5-10s) | A1: ac_1(0-5s), ac_2(5-10s)",CONFIRMED_GAP,"wipe transition with duration 1.5s' — has_transition checks type only; 'caption Opening at 0s' — text checked, 0s position not (position_equals available). Both gaps.",,,test,explicit/compound,feasible/explicit/compound/test/NLEB-EX-CO-039.yaml,
NLEB-ST-CO-034,time_mention_without_time_constraint;duration_mention_without_duration_constraint;caption_or_title_time_coverage_candidate,Add a caption 'Intro' at the start of the first video clip and set it to 2 seconds long. / Add a caption 'Outro' at the start of the last video clip and set it to 2 seconds long.,"[required] entity_count_changed({""type"": ""caption"", ""direction"": ""increase""}) 
[required] entity_exists({""entity"": ""$new_caption_1""}) 
[required] entity_exists({""entity"": ""$new_caption_2""}) 
[required] attribute_equals({""entity"": ""$new_caption_1"", ""field"": ""text"", ""value"": ""Intro""}) 
[required] attribute_equals({""entity"": ""$new_caption_2"", ""field"": ""text"", ""value"": ""Outro""})","V1: video_clip_1(0-5s), video_clip_2(5-15s), video_clip_3(15-20s), caption_1(2-5s) | A1: audio_clip_1(0-5s), audio_clip_2(5-15s), audio_clip_3(15-20s) | A2 (BGM): audio_clip_4(0-20s)",CONFIRMED_GAP,"at the start of the first/last clip' and 'set it to 2 seconds long' both normative, fixture-derivable (vc1 start 0, vc3 start 15); no position_equals/duration_equals on either caption, only existence+text.",,,test,state/compound,feasible/state/compound/test/NLEB-ST-CO-034.yaml,
NLEB-CX-CU-027,time_mention_without_time_constraint;spatial_position_without_position_constraint,Intro: rotation 3 degrees. / Add a lower-third 'Day One' at 2s. Keep the rotation. / Outro: speed 0.85x. Preserve everything.,"[required] attribute_equals({""entity"": ""video_clip_1"", ""field"": ""transform.rotation"", ""value"": 3.0}) 
[required] entity_exists({""entity"": ""$new_caption_1""}) 
[required] attribute_equals({""entity"": ""video_clip_3"", ""field"": ""speed"", ""value"": 0.85}) 
[required] unchanged_except({""changed"": [""video_clip_1"", ""$new_caption_1"", ""video_clip_3""]})","V1: video_clip_1(0-5s), video_clip_2(5-15s), video_clip_3(15-20s), caption_1(2-5s) | A1: audio_clip_1(0-5s), audio_clip_2(5-15s), audio_clip_3(15-20s) | A2 (BGM): audio_clip_4(0-20s)",CONFIRMED_GAP,"lower-third Day One at 2s': only entity_exists($new_caption_1); no position_equals(2s) (gap). 'Lower-third' is a caption genre term, descriptive; time flag alone confirms gap.",,,test,context/cumulative,feasible/context/cumulative/test/NLEB-CX-CU-027.yaml,
NLEB-EX-CU-021,time_mention_without_time_constraint;spatial_position_without_position_constraint,Import 'logo.png' as media. / Add it as a clip at 0s on the top video track. / Scale it to 0.25 for a watermark. Keep the import and placement.,"[required] entity_exists({""entity"": ""$new_media_1""}) 
[required] entity_exists({""entity"": ""$new_clip_1""}) 
[required] attribute_equals({""entity"": ""$new_clip_1"", ""field"": ""transform.scale_x"", ""value"": 0.25}) 
[required] unchanged_except({""changed"": [""$new_media_1"", ""$new_clip_1""]})","V1: video_clip_1(0-5s), video_clip_2(5-15s), video_clip_3(15-20s), caption_1(2-5s) | A1: audio_clip_1(0-5s), audio_clip_2(5-15s), audio_clip_3(15-20s) | A2 (BGM): audio_clip_4(0-20s)",CONFIRMED_GAP,at 0s on the top video track' + 'Keep the...placement' normative; no position_equals for 0s and no track-membership check. Only existence + scale checked.,,,test,explicit/cumulative,feasible/explicit/cumulative/test/NLEB-EX-CU-021.yaml,
NLEB-CX-AT-038,time_mention_without_time_constraint;spatial_position_without_position_constraint;caption_or_title_time_coverage_candidate,Outro: opacity 0.9. / Add lower-third text 'Thanks for watching' at 20s.,"[required] attribute_equals({""entity"": ""video_clip_3"", ""field"": ""transform.opacity"", ""value"": 0.9}) 
[required] entity_exists({""entity"": ""$new_caption_1""})","V1: video_clip_1(0-5s), video_clip_2(5-15s), video_clip_3(15-20s), caption_1(2-5s) | A1: audio_clip_1(0-5s), audio_clip_2(5-15s), audio_clip_3(15-20s) | A2 (BGM): audio_clip_4(0-20s)",CONFIRMED_GAP,"lower-third text ... at 20s': no position_equals for 20s, no spatial (lower-third) check, and caption text value itself unchecked — only entity_exists($new_caption_1). Opacity 0.9 covered.",,,test,context/atomic,feasible/context/atomic/test/NLEB-CX-AT-038.yaml,
NLEB-CX-CO-011,time_mention_without_time_constraint;spatial_position_without_position_constraint;caption_or_title_time_coverage_candidate,The intro: scale to 1.1 and add a lower-third caption 'Day 1' at 2s.,"[required] attribute_equals({""entity"": ""video_clip_1"", ""field"": ""transform.scale_x"", ""value"": 1.1}) 
[required] entity_exists({""entity"": ""$new_caption_1""}) 
[required] attribute_equals({""entity"": ""$new_caption_1"", ""field"": ""text"", ""value"": ""Day 1""})","V1: video_clip_1(0-5s), video_clip_2(5-15s), video_clip_3(15-20s), caption_1(2-5s) | A1: audio_clip_1(0-5s), audio_clip_2(5-15s), audio_clip_3(15-20s) | A2 (BGM): audio_clip_4(0-20s)",CONFIRMED_GAP,lower-third caption Day 1 at 2s': no position_equals for 2s start (gap); 'lower-third' spatial placement also unchecked (ambiguous alone). Scale+text+existence covered.,,,test,context/compound,feasible/context/compound/test/NLEB-CX-CO-011.yaml,
NLEB-CX-CU-005,time_mention_without_time_constraint;spatial_position_without_position_constraint;caption_or_title_time_coverage_candidate,Put a contrast effect on the intro. / Add a lower-third caption 'Day 1' at 2s. / Now lower the BGM by 5 dB. Preserve the effect and caption.,"[required] has_effect({""entity"": ""video_clip_1"", ""effect_type"": ""contrast""}) 
[required] entity_exists({""entity"": ""$new_caption_1""}) 
[required] attribute_equals({""entity"": ""$new_caption_1"", ""field"": ""text"", ""value"": ""Day 1""}) 
[required] attribute_changed({""entity"": ""audio_clip_4"", ""field"": ""audio.volume"", ""direction"": ""decrease""}) 
[required] unchanged_except({""changed"": [""video_clip_1"", ""$new_caption_1"", ""audio_clip_4""]})","V1: video_clip_1(0-5s), video_clip_2(5-15s), video_clip_3(15-20s), caption_1(2-5s) | A1: audio_clip_1(0-5s), audio_clip_2(5-15s), audio_clip_3(15-20s) | A2 (BGM): audio_clip_4(0-20s)",CONFIRMED_GAP,lower-third caption Day 1 at 2s': no position_equals for 2s (gap); lower-third spatial placement also unchecked. Effect/text/volume-direction/unchanged_except covered.,,,dev,context/cumulative,feasible/context/cumulative/dev/NLEB-CX-CU-005.yaml,
NLEB-CX-AT-010,time_mention_without_time_constraint;split_position_without_position_constraint,Create a new video track for the overlay layer. / The B-roll footage on V2 needs to be split — cut the later overlay at the 2-second mark. / And slow the hero shot to 0.8x for emphasis.,"[required] entity_exists({""entity"": ""$new_track_1""}) 
[required] entity_count_changed({""type"": ""clip"", ""direction"": ""increase""}) 
[required] attribute_equals({""entity"": ""video_clip_3"", ""field"": ""speed"", ""value"": 0.8})","V1: video_clip_1(0-8s), caption_1(0.5-3s), video_clip_2(8-18s), caption_2(9-12s), video_clip_3(18-30s) | V2 (B-Roll): video_clip_4(4-10s), video_clip_5(20-25s) | A1: audio_clip_1(0-8s), audio_clip_2(8-18s), audio_clip_3(18-30s) | A2 (Music): audio_clip_4(0-30s)",CONFIRMED_GAP,"cut the later overlay at the 2-second mark' normative; only entity_count_changed(clip,increase); no position/duration check on split of vc5. New-track+speed 0.8 are covered.",,,dev,context/atomic,feasible/context/atomic/dev/NLEB-CX-AT-010.yaml,
NLEB-CX-AT-036,time_mention_without_time_constraint;split_position_without_position_constraint,The outro segment is too long — split it at the 2-second mark. / And add a saturation effect to the closing shot (intro clip).,"[required] entity_exists({""entity"": ""$new_clip_1""}) 
[required] has_effect({""entity"": ""video_clip_1"", ""effect_type"": ""saturation""})","V1: video_clip_1(0-5s), video_clip_2(5-15s), video_clip_3(15-20s), caption_1(2-5s) | A1: audio_clip_1(0-5s), audio_clip_2(5-15s), audio_clip_3(15-20s) | A2 (BGM): audio_clip_4(0-20s)",CONFIRMED_GAP,split it at the 2-second mark' normative; only entity_exists($new_clip_1); no position/duration check on split point of vc3. Saturation on vc1 covered by has_effect.,,,test,context/atomic,feasible/context/atomic/test/NLEB-CX-AT-036.yaml,
NLEB-CX-CO-003,time_mention_without_time_constraint;split_position_without_position_constraint,The hero shot runs long — split it at the 5-second mark and add a saturation effect to the second half.,"[required] entity_exists({""entity"": ""$new_clip_1""}) 
[required] has_effect({""entity"": ""$new_clip_1"", ""effect_type"": ""saturation""})","V1: video_clip_1(0-8s), caption_1(0.5-3s), video_clip_2(8-18s), caption_2(9-12s), video_clip_3(18-30s) | V2 (B-Roll): video_clip_4(4-10s), video_clip_5(20-25s) | A1: audio_clip_1(0-8s), audio_clip_2(8-18s), audio_clip_3(18-30s) | A2 (Music): audio_clip_4(0-30s)",CONFIRMED_GAP,split it at the 5-second mark' normative; only entity_exists($new_clip_1)+has_effect; no position/duration check on split point of vc3.,,,dev,context/compound,feasible/context/compound/dev/NLEB-CX-CO-003.yaml,
NLEB-CX-CO-014,time_mention_without_time_constraint;split_position_without_position_constraint,The outro is too long — split it at 2 seconds and slow the second half to 0.7x for a dreamy ending.,"[required] entity_exists({""entity"": ""$new_clip_1""}) 
[required] attribute_equals({""entity"": ""$new_clip_1"", ""field"": ""speed"", ""value"": 0.7})","V1: video_clip_1(0-5s), video_clip_2(5-15s), video_clip_3(15-20s), caption_1(2-5s) | A1: audio_clip_1(0-5s), audio_clip_2(5-15s), audio_clip_3(15-20s) | A2 (BGM): audio_clip_4(0-20s)",CONFIRMED_GAP,split it at 2 seconds' normative; only entity_exists($new_clip_1)+speed 0.7 on second half; no position/duration check on split point.,,,test,context/compound,feasible/context/compound/test/NLEB-CX-CO-014.yaml,
NLEB-CX-CO-036,time_mention_without_time_constraint;split_position_without_position_constraint,Split the middle clip at 3 seconds for a scene break. / Add a dissolve transition between the two halves. / Put a saturation effect on the second half and slow the outro to 0.8x.,"[required] entity_exists({""entity"": ""$new_clip_1""}) 
[required] entity_exists({""entity"": ""$new_transition_1""}) 
[required] has_effect({""entity"": ""$new_clip_1"", ""effect_type"": ""saturation""}) 
[required] attribute_equals({""entity"": ""video_clip_3"", ""field"": ""speed"", ""value"": 0.8})","V1: video_clip_1(0-5s), video_clip_2(5-15s), video_clip_3(15-20s), caption_1(2-5s) | A1: audio_clip_1(0-5s), audio_clip_2(5-15s), audio_clip_3(15-20s) | A2 (BGM): audio_clip_4(0-20s)",CONFIRMED_GAP,split the middle clip at 3 seconds' normative; only entity_exists($new_clip_1); no position/duration check on split point. Transition/effect/speed covered.,,,test,context/compound,feasible/context/compound/test/NLEB-CX-CO-036.yaml,
NLEB-CX-CU-004,time_mention_without_time_constraint;split_position_without_position_constraint,Slow the hero shot to 0.85x. / Now split the hero at the 5-second mark. Preserve the speed change on the first half. / The second half should also keep the 0.85x speed.,"[required] attribute_equals({""entity"": ""video_clip_3"", ""field"": ""speed"", ""value"": 0.85}) 
[required] entity_exists({""entity"": ""$new_clip_1""}) 
[required] unchanged_except({""changed"": [""video_clip_3"", ""$new_clip_1""]})","V1: video_clip_1(0-8s), caption_1(0.5-3s), video_clip_2(8-18s), caption_2(9-12s), video_clip_3(18-30s) | V2 (B-Roll): video_clip_4(4-10s), video_clip_5(20-25s) | A1: audio_clip_1(0-8s), audio_clip_2(8-18s), audio_clip_3(18-30s) | A2 (Music): audio_clip_4(0-30s)",CONFIRMED_GAP,split the hero at the 5-second mark' normative; no position/duration check on split ($new_clip_1 speed 0.85 also unchecked despite turn 3). vc3 speed+existence covered.,,,dev,context/cumulative,feasible/context/cumulative/dev/NLEB-CX-CU-004.yaml,
NLEB-CX-CU-035,time_mention_without_time_constraint;split_position_without_position_constraint,Split the middle clip at 3 seconds. / Add a saturation effect to the second half. Keep the split. / Slow the outro to 0.85x. Preserve all.,"[required] entity_exists({""entity"": ""$new_clip_1""}) 
[required] has_effect({""entity"": ""$new_clip_1"", ""effect_type"": ""saturation""}) 
[required] attribute_equals({""entity"": ""video_clip_3"", ""field"": ""speed"", ""value"": 0.85}) 
[required] unchanged_except({""changed"": [""video_clip_2"", ""$new_clip_1"", ""video_clip_3""]})","V1: video_clip_1(0-5s), video_clip_2(5-15s), video_clip_3(15-20s), caption_1(2-5s) | A1: audio_clip_1(0-5s), audio_clip_2(5-15s), audio_clip_3(15-20s) | A2 (BGM): audio_clip_4(0-20s)",CONFIRMED_GAP,"Split the middle clip at 3 seconds': only entity_exists($new_clip_1)+has_effect; no split-position check (position_equals/duration_equals, fixture-derivable). Gap.",,,test,context/cumulative,feasible/context/cumulative/test/NLEB-CX-CU-035.yaml,
NLEB-CX-CU-037,time_mention_without_time_constraint;split_position_without_position_constraint,Intro: scale 1.08. / Split the middle clip at 4 seconds. Keep intro scale. / Add a contrast effect to the second half of the split. Preserve all. / Lower BGM by 4 dB. Keep everything.,"[required] attribute_equals({""entity"": ""video_clip_1"", ""field"": ""transform.scale_x"", ""value"": 1.08}) 
[required] entity_exists({""entity"": ""$new_clip_1""}) 
[required] has_effect({""entity"": ""$new_clip_1"", ""effect_type"": ""contrast""}) 
[required] attribute_changed({""entity"": ""audio_clip_4"", ""field"": ""audio.volume"", ""direction"": ""decrease""}) 
[required] unchanged_except({""changed"": [""video_clip_1"", ""video_clip_2"", ""$new_clip_1"", ""audio_clip_4""]})","V1: video_clip_1(0-5s), video_clip_2(5-15s), video_clip_3(15-20s), caption_1(2-5s) | A1: audio_clip_1(0-5s), audio_clip_2(5-15s), audio_clip_3(15-20s) | A2 (BGM): audio_clip_4(0-20s)",CONFIRMED_GAP,Split the middle clip at 4 seconds': entity_exists+has_effect on $new_clip_1 only; no position/duration check at 4s (fixture-derivable). Gap.,,,test,context/cumulative,feasible/context/cumulative/test/NLEB-CX-CU-037.yaml,
NLEB-CX-DE-001,time_mention_without_time_constraint;split_position_without_position_constraint,The hero moment in the middle clip runs long. Split it at 3 seconds and add a dissolve transition between the two halves.,"[required] entity_exists({""entity"": ""$new_clip_1""}) 
[required] entity_exists({""entity"": ""$new_transition_1""})","V1: video_clip_1(0-5s), video_clip_2(5-15s), video_clip_3(15-20s), caption_1(2-5s) | A1: audio_clip_1(0-5s), audio_clip_2(5-15s), audio_clip_3(15-20s) | A2 (BGM): audio_clip_4(0-20s)",CONFIRMED_GAP,"runs long' is context, but 'Split it at 3 seconds' is normative; only entity_exists($new_clip_1/$new_transition_1); no split-position check (fixture-derivable). Gap.",,,dev,context/dependent,feasible/context/dependent/dev/NLEB-CX-DE-001.yaml,
NLEB-CX-DE-010,time_mention_without_time_constraint;split_position_without_position_constraint,The hero shot has a natural cut point at 5 seconds — split it there. / Add a saturation effect to the second half for a flashback look. / Slow the second half to 0.75x to complete the effect.,"[required] entity_exists({""entity"": ""$new_clip_1""}) 
[required] has_effect({""entity"": ""$new_clip_1"", ""effect_type"": ""saturation""}) 
[required] attribute_equals({""entity"": ""$new_clip_1"", ""field"": ""speed"", ""value"": 0.75})","V1: video_clip_1(0-8s), caption_1(0.5-3s), video_clip_2(8-18s), caption_2(9-12s), video_clip_3(18-30s) | V2 (B-Roll): video_clip_4(4-10s), video_clip_5(20-25s) | A1: audio_clip_1(0-8s), audio_clip_2(8-18s), audio_clip_3(18-30s) | A2 (Music): audio_clip_4(0-30s)",CONFIRMED_GAP,"natural cut point' is rationale, but 'at 5 seconds — split it there' is normative; no position/duration check on split (fixture-derivable), only exists+effect+speed. Gap.",,,dev,context/dependent,feasible/context/dependent/dev/NLEB-CX-DE-010.yaml,
NLEB-CX-DE-022,time_mention_without_time_constraint;split_position_without_position_constraint,The outro has a bad first half — split it at 2 seconds and delete the first part.,"[required] entity_exists({""entity"": ""$new_clip_1""}) 
[required] entity_not_exists({""entity"": ""video_clip_3""})","V1: video_clip_1(0-5s), video_clip_2(5-15s), video_clip_3(15-20s), caption_1(2-5s) | A1: audio_clip_1(0-5s), audio_clip_2(5-15s), audio_clip_3(15-20s) | A2 (BGM): audio_clip_4(0-20s)",CONFIRMED_GAP,split it at 2 seconds and delete the first part': only entity_exists($new_clip_1)+entity_not_exists(vc3); no check that remainder starts at 2s / duration=orig-2s (fixture-derivable). Gap.,,,test,context/dependent,feasible/context/dependent/test/NLEB-CX-DE-022.yaml,
NLEB-EX-AT-007,time_mention_without_time_constraint;split_position_without_position_constraint,Split video_clip_2 at 00:00:03:00. / Add a new video track named V3.,"[required] entity_count_changed({""type"": ""clip"", ""direction"": ""increase""}) 
[required] entity_count_changed({""type"": ""track"", ""direction"": ""increase""})","V1: video_clip_1(0-5s), video_clip_2(5-15s), video_clip_3(15-20s), caption_1(2-5s) | A1: audio_clip_1(0-5s), audio_clip_2(5-15s), audio_clip_3(15-20s) | A2 (BGM): audio_clip_4(0-20s)",CONFIRMED_GAP,Split video_clip_2 at 00:00:03:00' normative; only entity_count_changed(clip/track increase) — split position unchecked. position_equals/duration_equals on resulting parts would cover.,,,dev,explicit/atomic,feasible/explicit/atomic/dev/NLEB-EX-AT-007.yaml,
NLEB-EX-AT-018,time_mention_without_time_constraint;split_position_without_position_constraint,Split video_clip_1 at the 00:00:02:00 mark.,"[required] entity_count_changed({""type"": ""clip"", ""direction"": ""increase""})","V1: video_clip_1(0-5s), video_clip_2(5-15s), video_clip_3(15-20s), caption_1(2-5s) | A1: audio_clip_1(0-5s), audio_clip_2(5-15s), audio_clip_3(15-20s) | A2 (BGM): audio_clip_4(0-20s)",CONFIRMED_GAP,"Split ... at the 00:00:02:00 mark' normative; sole constraint entity_count_changed(clip, increase) — split position unchecked. duration_equals/position_equals would cover.",,,test,explicit/atomic,feasible/explicit/atomic/test/NLEB-EX-AT-018.yaml,
NLEB-EX-AT-019,time_mention_without_time_constraint;split_position_without_position_constraint,Split video_clip_3 at 00:00:04:00.,"[required] entity_count_changed({""type"": ""clip"", ""direction"": ""increase""})","V1: video_clip_1(0-8s), caption_1(0.5-3s), video_clip_2(8-18s), caption_2(9-12s), video_clip_3(18-30s) | V2 (B-Roll): video_clip_4(4-10s), video_clip_5(20-25s) | A1: audio_clip_1(0-8s), audio_clip_2(8-18s), audio_clip_3(18-30s) | A2 (Music): audio_clip_4(0-30s)",CONFIRMED_GAP,Split video_clip_3 at 00:00:04:00' normative; sole constraint entity_count_changed(increase) — split position unchecked.,,,test,explicit/atomic,feasible/explicit/atomic/test/NLEB-EX-AT-019.yaml,
NLEB-EX-AT-040,time_mention_without_time_constraint;split_position_without_position_constraint,Add a contrast effect to video_clip_4. / Split video_clip_3 at 00:00:05:00. / Set video_clip_1 opacity to 0.9.,"[required] has_effect({""entity"": ""video_clip_4"", ""effect_type"": ""contrast""}) 
[required] entity_count_changed({""type"": ""clip"", ""direction"": ""increase""}) 
[required] attribute_equals({""entity"": ""video_clip_1"", ""field"": ""transform.opacity"", ""value"": 0.9}) 
[required] unchanged_except({""changed"": [""video_clip_4"", ""video_clip_3"", ""$new_clip_1"", ""video_clip_1""]})","V1: video_clip_1(0-8s), caption_1(0.5-3s), video_clip_2(8-18s), caption_2(9-12s), video_clip_3(18-30s) | V2 (B-Roll): video_clip_4(4-10s), video_clip_5(20-25s) | A1: audio_clip_1(0-8s), audio_clip_2(8-18s), audio_clip_3(18-30s) | A2 (Music): audio_clip_4(0-30s)",CONFIRMED_GAP,Split video_clip_3 at 00:00:05:00' normative; only entity_count_changed(increase) for the split — position unchecked (effect/opacity covered separately).,,,test,explicit/atomic,feasible/explicit/atomic/test/NLEB-EX-AT-040.yaml,
NLEB-EX-CO-005,time_mention_without_time_constraint;split_position_without_position_constraint,"video_clip_3: split at 2.5s, add brightness effect to the first part.","[required] entity_exists({""type"": ""video_clip"", ""where"": {""field"": ""duration"", ""op"": ""<="", ""value"": 2.5}}) 
[required] has_effect({""entity"": ""video_clip_3"", ""effect_type"": ""brightness""}) 
[required] entity_count_changed({""type"": ""video_clip"", ""direction"": ""increase""})","V1: video_clip_1(0-8s), caption_1(0.5-3s), video_clip_2(8-18s), caption_2(9-12s), video_clip_3(18-30s) | V2 (B-Roll): video_clip_4(4-10s), video_clip_5(20-25s) | A1: audio_clip_1(0-8s), audio_clip_2(8-18s), audio_clip_3(18-30s) | A2 (Music): audio_clip_4(0-30s)",CONFIRMED_GAP,"split at 2.5s' normative; entity_exists(video_clip, duration <= 2.5) is a weak proxy — any split <=2.5s (or a short pre-existing clip) passes. Exact 2.5s checkable via duration_equals.",,,dev,explicit/compound,feasible/explicit/compound/dev/NLEB-EX-CO-005.yaml,
NLEB-EX-CO-024,time_mention_without_time_constraint;split_position_without_position_constraint,"Split vc_2 at 3.0s, set the first annotator_b's opacity to 0.8, and add a cross-dissolve transition between the two resulting parts.","[required] entity_count_changed({""type"": ""video_clip"", ""direction"": ""increase""}) 
[required] attribute_equals({""entity"": ""vc_2"", ""field"": ""transform.opacity"", ""value"": 0.8}) 
[required] has_transition({""between"": [""vc_2"", ""$new_clip_1""], ""type"": ""cross_dissolve""})","V1: vc_1(0-5s), vc_2(5-10s) | A1: ac_1(0-5s), ac_2(5-10s)",CONFIRMED_GAP,Split vc_2 at 3.0s' normative; entity_count_changed + opacity + has_transition checked — split position unchecked. duration_equals/position_equals on parts would cover.,,,test,explicit/compound,feasible/explicit/compound/test/NLEB-EX-CO-024.yaml,
NLEB-EX-CO-035,time_mention_without_time_constraint;split_position_without_position_constraint,Split video_clip_5 at 4.0s. Add a blur effect to the first part. Add a cross-dissolve transition between the two resulting segments. Set the second segment's opacity to 0.7.,"[required] entity_count_changed({""type"": ""video_clip"", ""direction"": ""increase""}) 
[required] has_effect({""entity"": ""video_clip_5"", ""effect_type"": ""blur""}) 
[required] has_transition({""between"": [""video_clip_5"", ""$new_clip_1""], ""type"": ""cross_dissolve""}) 
[required] attribute_equals({""entity"": ""$new_clip_1"", ""field"": ""transform.opacity"", ""value"": 0.7})","V1: video_clip_1(0-8s), caption_1(0.5-3s), video_clip_2(8-18s), caption_2(9-12s), video_clip_3(18-30s) | V2 (B-Roll): video_clip_4(4-10s), video_clip_5(20-25s) | A1: audio_clip_1(0-8s), audio_clip_2(8-18s), audio_clip_3(18-30s) | A2 (Music): audio_clip_4(0-30s)",CONFIRMED_GAP,Split video_clip_5 at 4.0s' normative; no check of split point (e.g. duration_equals video_clip_5=4.0 or position_equals $new_clip_1). Only count/effect/transition/opacity.,,,test,explicit/compound,feasible/explicit/compound/test/NLEB-EX-CO-035.yaml,
NLEB-EX-CU-003,time_mention_without_time_constraint;split_position_without_position_constraint,Split video_clip_2 at the 3-second mark. / Set the first half's speed to 1.5x. Keep the split intact. / Add a saturation effect to the second half. Preserve the speed change.,"[required] entity_exists({""entity"": ""$new_clip_1""}) 
[required] attribute_equals({""entity"": ""video_clip_2"", ""field"": ""speed"", ""value"": 1.5}) 
[required] has_effect({""entity"": ""$new_clip_1"", ""effect_type"": ""saturation""}) 
[required] unchanged_except({""changed"": [""video_clip_2"", ""$new_clip_1""]})","V1: video_clip_1(0-5s), video_clip_2(5-15s), video_clip_3(15-20s), caption_1(2-5s) | A1: audio_clip_1(0-5s), audio_clip_2(5-15s), audio_clip_3(15-20s) | A2 (BGM): audio_clip_4(0-20s)",CONFIRMED_GAP,Split video_clip_2 at the 3-second mark' normative; no split-position check (duration_equals video_clip_2=3.0 possible). Only existence/speed/effect checked.,,,dev,explicit/cumulative,feasible/explicit/cumulative/dev/NLEB-EX-CU-003.yaml,
NLEB-EX-CU-020,time_mention_without_time_constraint;split_position_without_position_constraint,Split video_clip_3 at 4 seconds. / Add a contrast effect to the first half. Preserve the split.,"[required] entity_exists({""entity"": ""$new_clip_1""}) 
[required] has_effect({""entity"": ""video_clip_3"", ""effect_type"": ""contrast""}) 
[required] unchanged_except({""changed"": [""video_clip_3"", ""$new_clip_1""]})","V1: video_clip_1(0-5s), video_clip_2(5-15s), video_clip_3(15-20s), caption_1(2-5s) | A1: audio_clip_1(0-5s), audio_clip_2(5-15s), audio_clip_3(15-20s) | A2 (BGM): audio_clip_4(0-20s)",CONFIRMED_GAP,Split video_clip_3 at 4 seconds' normative; no split-position check (duration_equals video_clip_3=4.0 possible). Only existence/effect/unchanged_except.,,,test,explicit/cumulative,feasible/explicit/cumulative/test/NLEB-EX-CU-020.yaml,
NLEB-EX-CU-038,time_mention_without_time_constraint;split_position_without_position_constraint,Split video_clip_1 at 3 seconds. / Add a blur effect to the second half. Keep the split. / Add a cross-dissolve transition between the two halves. Preserve the effect. / Slow the second half to 0.75x. Preserve everything.,"[required] entity_exists({""entity"": ""$new_clip_1""}) 
[required] has_effect({""entity"": ""$new_clip_1"", ""effect_type"": ""blur""}) 
[required] entity_exists({""entity"": ""$new_transition_1""}) 
[required] attribute_equals({""entity"": ""$new_clip_1"", ""field"": ""speed"", ""value"": 0.75}) 
[required] unchanged_except({""changed"": [""video_clip_1"", ""$new_clip_1"", ""$new_transition_1""]})","V1: video_clip_1(0-5s), video_clip_2(5-15s), video_clip_3(15-20s), caption_1(2-5s) | A1: audio_clip_1(0-5s), audio_clip_2(5-15s), audio_clip_3(15-20s) | A2 (BGM): audio_clip_4(0-20s)",CONFIRMED_GAP,Split video_clip_1 at 3 seconds' normative; no split-position check (duration_equals video_clip_1=3.0 possible). Only existence/effect/speed/transition checked.,,,test,explicit/cumulative,feasible/explicit/cumulative/test/NLEB-EX-CU-038.yaml,
NLEB-EX-CU-040,time_mention_without_time_constraint;split_position_without_position_constraint,Unlink vc_2 from ac_2. / Split vc_2 at 3 seconds. Keep the unlink. / Remove the first half. Preserve the split's second piece. / Add a saturation effect to the remaining half and re-link it with ac_2. Preserve all.,"[required] entity_not_exists({""entity"": ""vc_2""}) 
[required] entity_exists({""entity"": ""$new_clip_1""}) 
[required] has_effect({""entity"": ""$new_clip_1"", ""effect_type"": ""saturation""}) 
[required] has_link({""clip_ids"": [""$new_clip_1"", ""ac_2""]}) 
[required] unchanged_except({""changed"": [""vc_2"", ""$new_clip_1"", ""ac_2""]})","V1: vc_1(0-10s), vc_2(10-25s), vc_3(25-40s) | A1: ac_1(0-10s), ac_2(10-25s), ac_3(25-40s) | Caption Track 1: cc_1(1-4s), cc_2(5-9s), cc_3(12-18s), cc_4(30-35s) | V1: vc_4(0-25s), vc_5(25-40s) | A1: ac_4(0-25s), ac_5(25-40s) | V1: vc_6(0-15s), vc_7(15-25s) | A1: ac_6(0-15s), ac_7(15-25s)",CONFIRMED_GAP,Split vc_2 at 3 seconds' then remove first half — split point defines the surviving clip; no position/duration check on $new_clip_1 (start = vc_2_start+3s derivable). Gap.,,,test,explicit/cumulative,feasible/explicit/cumulative/test/NLEB-EX-CU-040.yaml,
NLEB-EX-DE-002,time_mention_without_time_constraint;split_position_without_position_constraint,Split video_clip_2 at the 3-second mark and slow the second half to 0.5x.,"[required] entity_exists({""entity"": ""$new_clip_1""}) 
[required] attribute_equals({""entity"": ""$new_clip_1"", ""field"": ""speed"", ""value"": 0.5})","V1: video_clip_1(0-5s), video_clip_2(5-15s), video_clip_3(15-20s), caption_1(2-5s) | A1: audio_clip_1(0-5s), audio_clip_2(5-15s), audio_clip_3(15-20s) | A2 (BGM): audio_clip_4(0-20s)",CONFIRMED_GAP,Split video_clip_2 at the 3-second mark' normative; only entity_exists + speed=0.5 — no split-position check (duration_equals=3.0 possible). Gap.,,,dev,explicit/dependent,feasible/explicit/dependent/dev/NLEB-EX-DE-002.yaml,
NLEB-EX-DE-012,time_mention_without_time_constraint;split_position_without_position_constraint,Split video_clip_1 at the 2-second mark and delete the first half.,"[required] entity_exists({""entity"": ""$new_clip_1""}) 
[required] entity_not_exists({""entity"": ""video_clip_1""})","V1: video_clip_1(0-5s), video_clip_2(5-15s), video_clip_3(15-20s), caption_1(2-5s) | A1: audio_clip_1(0-5s), audio_clip_2(5-15s), audio_clip_3(15-20s) | A2 (BGM): audio_clip_4(0-20s)",CONFIRMED_GAP,split at the 2-second mark' normative; entity_not_exists(video_clip_1) checks deletion but no position_equals/duration_equals verifies remaining half reflects a 2s split.,,,test,explicit/dependent,feasible/explicit/dependent/test/NLEB-EX-DE-012.yaml,
NLEB-EX-DE-021,time_mention_without_time_constraint;split_position_without_position_constraint,Split video_clip_2 at 4 seconds. / Speed up the first half to 1.5x and slow the second half to 0.75x.,"[required] attribute_equals({""entity"": ""video_clip_2"", ""field"": ""speed"", ""value"": 1.5}) 
[required] entity_exists({""entity"": ""$new_clip_1""}) 
[required] attribute_equals({""entity"": ""$new_clip_1"", ""field"": ""speed"", ""value"": 0.75})","V1: video_clip_1(0-5s), video_clip_2(5-15s), video_clip_3(15-20s), caption_1(2-5s) | A1: audio_clip_1(0-5s), audio_clip_2(5-15s), audio_clip_3(15-20s) | A2 (BGM): audio_clip_4(0-20s)",CONFIRMED_GAP,Split video_clip_2 at 4 seconds' normative; speeds 1.5/0.75 checked via attribute_equals but split point unchecked; duration_equals/position_equals on halves missing.,,,test,explicit/dependent,feasible/explicit/dependent/test/NLEB-EX-DE-021.yaml,
NLEB-EX-DE-032,time_mention_without_time_constraint;split_position_without_position_constraint,Split video_clip_5 at the 3-second mark. / Add a cross-dissolve transition between the two resulting halves.,"[required] entity_exists({""entity"": ""$new_clip_1""}) 
[required] entity_exists({""entity"": ""$new_transition_1""})","V1: video_clip_1(0-8s), caption_1(0.5-3s), video_clip_2(8-18s), caption_2(9-12s), video_clip_3(18-30s) | V2 (B-Roll): video_clip_4(4-10s), video_clip_5(20-25s) | A1: audio_clip_1(0-8s), audio_clip_2(8-18s), audio_clip_3(18-30s) | A2 (Music): audio_clip_4(0-30s)",CONFIRMED_GAP,"Split video_clip_5 at the 3-second mark' normative; only entity_exists(clip,transition); no position_equals/duration_equals verifying 3s split point.",,,test,explicit/dependent,feasible/explicit/dependent/test/NLEB-EX-DE-032.yaml,
NLEB-EX-DE-038,time_mention_without_time_constraint;split_position_without_position_constraint,Unlink video_clip_1 from audio_clip_1. / Split video_clip_1 at 3 seconds and delete the first half. / Re-link the remaining half with audio_clip_1.,"[required] entity_not_exists({""entity"": ""video_clip_1""}) 
[required] entity_exists({""entity"": ""$new_clip_1""}) 
[required] has_link({""clip_ids"": [""$new_clip_1"", ""audio_clip_1""]})","V1: video_clip_1(0-5s), video_clip_2(5-15s), video_clip_3(15-20s), caption_1(2-5s) | A1: audio_clip_1(0-5s), audio_clip_2(5-15s), audio_clip_3(15-20s) | A2 (BGM): audio_clip_4(0-20s)",CONFIRMED_GAP,"Split video_clip_1 at 3 seconds' normative; deletion+re-link checked (entity_not_exists, has_link) but split point unchecked; position_equals/duration_equals missing.",,,test,explicit/dependent,feasible/explicit/dependent/test/NLEB-EX-DE-038.yaml,
NLEB-ST-CO-012,time_mention_without_time_constraint;split_position_without_position_constraint,Split the longest audio clip at the 10-second mark and mute the second half.,"[required] entity_count_changed({""type"": ""audio_clip"", ""direction"": ""increase""}) 
[required] attribute_equals({""entity"": ""$new_audio_clip_1"", ""field"": ""audio.muted"", ""value"": true})","V1: video_clip_1(0-5s), video_clip_2(5-15s), video_clip_3(15-20s), caption_1(2-5s) | A1: audio_clip_1(0-5s), audio_clip_2(5-15s), audio_clip_3(15-20s) | A2 (BGM): audio_clip_4(0-20s)",CONFIRMED_GAP,"Split ... at the 10-second mark' normative, fixture-derivable (ac4, 20s); mute of second half checked but split point unverified; position_equals/duration_equals missing.",,,test,state/compound,feasible/state/compound/test/NLEB-ST-CO-012.yaml,
NLEB-CX-CO-009,time_mention_without_time_constraint;split_position_without_position_constraint;caption_or_title_time_coverage_candidate,The middle clip needs a scene break — split it at 3 seconds. / Add a dissolve transition between the two halves. / And put a chapter marker caption 'Part 2' at the split point.,"[required] entity_exists({""entity"": ""$new_clip_1""}) 
[required] entity_exists({""entity"": ""$new_transition_1""}) 
[required] entity_exists({""entity"": ""$new_caption_1""}) 
[required] attribute_equals({""entity"": ""$new_caption_1"", ""field"": ""text"", ""value"": ""Part 2""})","V1: video_clip_1(0-5s), video_clip_2(5-15s), video_clip_3(15-20s), caption_1(2-5s) | A1: audio_clip_1(0-5s), audio_clip_2(5-15s), audio_clip_3(15-20s) | A2 (BGM): audio_clip_4(0-20s)",CONFIRMED_GAP,Two misses: 'split it at 3 seconds' (no split-position check) and 'caption Part 2 at the split point' (fixture-derivable 3s; no position_equals). Only existence+text checked.,,,dev,context/compound,feasible/context/compound/dev/NLEB-CX-CO-009.yaml,
NLEB-CX-CO-025,time_mention_without_time_constraint;split_position_without_position_constraint;caption_or_title_time_coverage_candidate,"Split the hero shot at the 4-second mark. / Add a chapter title 'Act 2' at the split point, and put a saturation effect on the second half.","[required] entity_exists({""entity"": ""$new_clip_1""}) 
[required] entity_exists({""entity"": ""$new_caption_1""}) 
[required] has_effect({""entity"": ""$new_clip_1"", ""effect_type"": ""saturation""})","V1: video_clip_1(0-8s), caption_1(0.5-3s), video_clip_2(8-18s), caption_2(9-12s), video_clip_3(18-30s) | V2 (B-Roll): video_clip_4(4-10s), video_clip_5(20-25s) | A1: audio_clip_1(0-8s), audio_clip_2(8-18s), audio_clip_3(18-30s) | A2 (Music): audio_clip_4(0-30s)",CONFIRMED_GAP,split hero at the 4-second mark' and 'chapter title Act 2 at the split point': no position checks for either; caption text 'Act 2' also unchecked. Only existence+has_effect present.,,,test,context/compound,feasible/context/compound/test/NLEB-CX-CO-025.yaml,
NLEB-CX-CU-010,time_mention_without_time_constraint;split_position_without_position_constraint;caption_or_title_time_coverage_candidate,Split the hero shot at 5 seconds. / Add a saturation effect to the second half. Keep the split. / Add a chapter caption 'Part 2' at the split point. Preserve everything.,"[required] entity_exists({""entity"": ""$new_clip_1""}) 
[required] has_effect({""entity"": ""$new_clip_1"", ""effect_type"": ""saturation""}) 
[required] entity_exists({""entity"": ""$new_caption_1""}) 
[required] attribute_equals({""entity"": ""$new_caption_1"", ""field"": ""text"", ""value"": ""Part 2""}) 
[required] unchanged_except({""changed"": [""video_clip_3"", ""$new_clip_1"", ""$new_caption_1""]})","V1: video_clip_1(0-8s), caption_1(0.5-3s), video_clip_2(8-18s), caption_2(9-12s), video_clip_3(18-30s) | V2 (B-Roll): video_clip_4(4-10s), video_clip_5(20-25s) | A1: audio_clip_1(0-8s), audio_clip_2(8-18s), audio_clip_3(18-30s) | A2 (Music): audio_clip_4(0-30s)",CONFIRMED_GAP,Split...at 5 seconds' + caption 'at the split point': only entity_exists on $new_clip_1/$new_caption_1; no position_equals/duration_equals at 5s (fixture-derivable). Gap on both flags.,,,dev,context/cumulative,feasible/context/cumulative/dev/NLEB-CX-CU-010.yaml,
NLEB-CX-DE-034,time_mention_without_time_constraint;split_position_without_position_constraint;caption_or_title_time_coverage_candidate,Split the middle clip at the 4-second mark and add a chapter title 'Act 2' at the split point.,"[required] entity_exists({""entity"": ""$new_clip_1""}) 
[required] entity_exists({""entity"": ""$new_caption_1""})","V1: video_clip_1(0-5s), video_clip_2(5-15s), video_clip_3(15-20s), caption_1(2-5s) | A1: audio_clip_1(0-5s), audio_clip_2(5-15s), audio_clip_3(15-20s) | A2 (BGM): audio_clip_4(0-20s)",CONFIRMED_GAP,split at the 4-second mark' + 'title Act 2 at the split point': only two entity_exists; no split-position or caption-position check (text also unchecked). Gap on both flags.,,,test,context/dependent,feasible/context/dependent/test/NLEB-CX-DE-034.yaml,
